-1,0,1,2
1.4175856479008452e-5,0.00020008629292153266,0.000841491312119468,0.001102880807011772
1.0029491875726583e-5,3.6425211835000385e-5,8.958289438728386e-6,0.008312189006701078
4.994515720757921e-7,9.059196278770439e-6,0.0006781453516738518,0.014752869294973795
0.0011978856156661642,3.508511950334917e-6,0.0006204341260241983,0.009847579990112302
2.161428158310654e-6,5.717073542896499e-5,0.010445156842246896,0.002067661541336286
2.408281885010846e-7,2.8903641348595203e-6,2.4260780516523044e-5,0.004849129225043683
0.0012065174904049613,2.647232527303981e-7,0.045822757140340294,0.044011333930563216
3.864730240617291e-6,0.0006246739145431296,0.003332187776626052,0.21051701276726972
9.266781618495291e-7,5.5621543601540816e-6,0.00029573464214528803,0.07207984287504228
1.1361979740498965e-6,3.5119053001919685e-6,0.0061996375615395,0.012562609917068673
1.2710956009924775e-6,0.06094950221340194,0.0010453674147753301,3.2502432699654374e-5
0.00032776373530288635,0.00012559813399326116,0.002298096751367365,0.21722533452329365
9.733499597119918e-6,0.0006589636663597827,0.002044189034121936,0.0045788148562614945
0.00018731888655191785,0.0015919306563907465,0.0008451163720049411,0.0013087323726091293
0.00016189574216829186,2.0332255532594346e-5,0.00030451014885265,0.007119512344116836
1.1317607984675072e-5,1.527444589308771e-6,6.370323639088607e-5,0.0333138501878569
6.82586194543168e-7,0.026738081961198944,0.0019123526458565262,0.2454190359573828
1.316323903508575e-7,0.0110427425112606,0.007889009756692421,0.01057218765558893
6.564034688262887e-7,3.3581299481995486e-5,3.344994534691258e-5,0.0780777250960283
2.1381152187177108e-6,6.486697105074805e-6,0.0014564845803531083,6.01752516640147e-5
1.8055079034447117e-5,1.5281296105948817e-5,0.0021100776480893597,0.0001614126582865327
8.119996526525948e-7,0.0012802002620650984,0.003650933835527595,0.03281355499053694
5.1070772851501266e-8,6.177977234699557e-5,0.01166670519514406,0.0014453067184170864
1.677635315932923e-7,1.425295219620415e-5,5.896448807307558e-5,0.016247612289483553
6.440308820308643e-8,9.760649779775857e-7,9.107315108544584e-5,1.2804666253863579e-5
4.6825359149237377e-7,4.480009659872963e-5,0.0007477877045384572,0.00011578496350835657
5.6577584105558284e-5,7.390005256529993e-6,7.789354139672116e-5,0.008629230488900536
1.1291279915074125e-6,8.852112019536091e-5,0.007265846830968203,0.056537032093316356
3.857529835665962e-8,0.0003250824114400998,0.0022940714979416623,0.0070435222923488265
4.245419188439059e-7,6.699098494406533e-5,0.006725625210653798,0.005731269713004232
7.606533744831074e-6,1.842656680412743e-5,6.198401828284035e-5,0.0023773183443272367
1.0134357852276022e-6,8.677799434001176e-5,0.002156018335786329,0.0006997079004267112
2.2915934079391346e-5,8.944223508324444e-5,9.268575651393823e-6,0.01969845629118767
2.4842441157126486e-7,0.00040315563792488136,0.002618550787485019,0.0018423044967447863
4.678095518560481e-5,6.064726247314216e-5,9.21843652802481e-5,0.0005754254616569425
1.4627811166951677e-5,2.8353602390280467e-5,0.0032086357680230384,1.2581410025074578e-5
7.733405644343458e-7,3.612135964577808e-6,0.0003653881811790907,0.008927498562669984
3.4872259957235665e-7,0.00011660091096712807,4.216284112012338e-5,0.00022245936929564492
5.040043441910466e-7,2.4114476456143165e-5,1.6421491932166122e-5,0.044040575877439654
2.5436610021983995e-8,0.0006918001952262278,0.0009829659647288512,0.009396422250334689
6.048779349407204e-6,3.825974955071497e-7,0.007377707419367606,4.1944584158216506e-5
1.0274138787289943e-5,5.01852125855439e-6,0.00016004464142435395,0.016206953166105383
0.00012385524193238645,0.003586067376402958,4.546805255541794e-5,0.035916292878358486
1.0472083697876802e-5,0.00016825476738045934,6.455142333312162e-6,0.0015888566318335057
1.0751060979491444e-7,0.0009913127579456987,2.208798538864842e-5,0.0005033580260831377
1.779010397305089e-6,1.6272719583904188e-5,0.00021853140785194612,0.0016152175111729683
3.6742458049163056e-8,1.5990960339710702e-5,0.00024028407193471194,0.2056570031614854
4.4260364585024124e-5,0.00061847545391661,0.006014218124527375,0.00272397798228236
2.15780682768622e-6,0.00023405115959427113,0.0001413985433071852,0.0026671673000917026
1.0855942323812168e-5,2.4592221218407175e-7,6.364554674066444e-7,0.004114990648997371
5.55124834639233e-7,8.532919973727831e-5,4.949613145484605e-6,0.0004169141566497327
4.092433351427525e-7,0.00045333423000940785,6.684341244262577e-6,0.002577312102606359
4.3815091991049624e-7,1.4862154002997804e-5,7.903445195025352e-5,0.00012793951847552053
5.2119228462198336e-8,0.00018243860767409552,0.0019825531763100136,8.58173920955082e-6
2.0404007775761253e-6,0.0029661378052973763,3.229972536082907e-5,4.955919989215442e-5
3.3141663542814632e-6,1.95928591390582e-5,0.00094421824820101,0.28149818624219425
2.9380488133626642e-5,1.573640174827817e-5,6.453047056879493e-6,0.005280664399038536
2.6474668376770393e-6,4.617777454462551e-6,0.0226375584061431,0.005081835939882702
0.003970152061338341,2.557223559066956e-6,6.1959505529797705e-6,0.041957862811596434
0.002678996411899637,7.657558486644612e-6,0.000609563780907755,0.010308037484301879
2.678155662241007e-6,2.0727420236051404e-6,0.0017255869970632296,0.0010987453314322364
3.189024500157881e-8,1.0570654849050345e-6,1.2848744332064938e-5,0.1016013355851144
3.160335955954534e-8,0.0010145122041418137,0.0014323297945730438,0.051898902838356485
4.69501840277553e-5,5.682394406431253e-5,0.0010219833044191602,0.004990077251578476
2.9041899613277365e-6,0.0022847572188367496,0.0002815773473215648,0.09642241669238659
2.8664813364513384e-5,6.2512121952774675e-6,1.0475294587184205e-5,0.008865930551592797
8.346105310366108e-6,0.0001072094493081294,0.00013091301972462555,0.0005211343470075673
7.172058525948909e-7,1.7820944159097525e-5,7.730377990378847e-5,0.0018062527307637225
8.108514763901228e-6,2.647051744998017e-5,0.005050342714050982,0.008301992935972708
7.771334276025184e-7,0.0019494676818465118,0.00039742961686596877,0.14714231487904092
5.388000845574775e-6,0.0007383239526655896,0.004491510092976956,0.019170204742444064
6.246770243722056e-6,0.00012691143838212325,0.004123464733072184,0.020723865050343144
1.5629306612183603e-6,6.228556425476e-6,3.2603944728608446e-5,0.0014613386190607757
7.245507344947165e-6,0.0001042839035109498,0.000106684045183453,0.009744587998634455
3.2015917190498576e-7,0.0013838982129919534,0.010249353492339313,0.0011124248298161816
0.00011741735015203691,4.066687645950481e-5,0.004316511435448819,0.06325555593610462
3.1125896349881455e-5,0.0005174059278518602,0.0002946699562938203,0.0008083691411949356
1.3084655233192752e-5,0.00011357036470485343,0.0011298389316709218,0.00011417027826520412
5.712248203908278e-7,6.274997447173382e-5,4.574443668553433e-5,0.021819499277554937
4.250426570155216e-5,1.2581832764382144e-6,0.0037284636410751647,0.0003375601787266189
6.271419492111437e-5,7.689888122892513e-5,0.007647148852910351,0.0013776279150963027
2.0955334115880686e-6,0.0009745923808749802,0.028334135711937936,1.3084938540526185e-6
2.149308997770943e-6,0.00021357003366464326,0.00024424675669388533,1.1650972262978943e-6
7.847291300042686e-6,9.594537409359016e-5,0.006706501890484785,0.0004871047533795015
1.559651546675841e-5,1.7251943729822484e-5,0.15723563242610375,0.0015824089463401356
5.153422378764845e-7,0.00536822134478348,1.1185266959455175e-5,0.00499329061681627
4.607992140653962e-7,0.0001250397362507216,0.0003562427430415192,0.008568229656252025
1.4079216677983458e-5,3.8112433882388375e-5,0.00046646349158050473,0.021134772302307526
3.900435870293646e-5,7.060382400566089e-6,0.02873380901999523,7.025326564118153e-5
1.9244476001148386e-5,3.0335010848639422e-6,0.001342218763862733,0.015207901089699868
1.1997033424732246e-6,4.3444924454476734e-5,0.005734589532879353,0.00023576173802106654
5.569760806985431e-7,0.0003529375684621073,0.0006073896872488992,0.002884431465723307
1.7875006498042785e-6,0.0008379341421777092,0.0011392792846603088,0.0022010734427102144
1.0056862875892093e-6,1.1178032627859059e-6,3.7479088977198044e-5,0.02221393143809614
9.712800559354873e-8,1.6424727638469045e-6,0.00018002962129319667,0.05552631770828708
4.24738808652101e-5,3.439227102475629e-6,0.0008900790358023907,0.012729346051228104
5.530837020728275e-6,7.058528263100917e-7,4.4286747109443676e-5,0.041770924655175255
3.098807669484627e-7,0.00012355983825513498,0.0018004271632967596,0.007890856692027813
1.1373368304617288e-6,3.560390373717027e-5,0.0004595972159154432,1.6293131164087937e-5
1.4314951391926208e-7,3.766187445413083e-6,2.919826730219913e-5,0.0006927895240683478
9.372454110841765e-7,4.0416608924119085e-6,7.961953481213361e-5,0.0027679126548316784
0.0006117518076525512,8.01699442494019e-7,0.014087451486395994,0.022204149009276548
1.5350786724290297e-7,0.0001606785851893455,0.0003320646470708965,0.004989727901595974
1.734694815906321e-5,0.001735616873157789,0.017122882474733293,0.0007744376686829319
6.231474887234964e-5,0.00025804478031668987,0.0026238373966763363,0.0984537568669973
2.5764987634927636e-6,3.042047836434773e-5,0.0037692174104016697,0.00019859831705821044
1.26590605291177e-6,3.0877209836694545e-5,0.000480693606818748,0.0005035598634455966
2.6046140409148316e-7,2.318009681862819e-5,0.00013475270980819928,0.003776374868694116
1.0857663687765306e-5,2.0183229510947493e-6,0.09776852938260071,0.20439240431914413
4.297279575703604e-6,1.3691313146014464e-7,0.005749893619772546,4.94901039075571e-5
4.730729485181263e-7,0.00011934422503971844,1.22884169757134e-5,0.015193120922525224
0.00013985892719515944,3.5716897027106384e-5,0.00918596558615038,0.07278591187871782
1.011638098051137e-6,1.6416639341566756e-6,0.019275026120312646,0.00010871950710699116
2.5359073067814122e-6,4.1243697178423206e-5,0.0002306375892375387,0.006280156075542936
1.2098220272521614e-5,2.0486213294971712e-5,4.6836757747111365e-5,0.025660178417254393
3.937197699032234e-7,1.6482300620960626e-5,0.001447933629314917,0.09900621364149993
0.002072285519843845,3.4266360662075e-5,2.325677946369359e-5,0.00038397687945737933
3.767838335064832e-6,1.17964850582091e-5,1.953450708132154e-5,0.014578694677522697
3.466300271553565e-7,4.283066644826826e-6,0.013056289511026881,4.2091871884478156e-5
0.0005335636790025148,2.1664350815296193e-5,2.0463613750173836e-5,0.17366803799013283
1.2814449371798912e-7,0.0004901313507038592,0.0005023640664276967,0.003969309415371974
3.304655433711667e-8,1.4036004999965864e-7,0.0008255441111475789,0.0003415820191966931
2.5663061029082304e-6,0.00014977142638366998,0.0012037539951332311,0.1251816349363933
7.164238487150599e-7,0.00019362568332006023,0.0005246469816894672,0.5132333808850983
3.087818966596372e-5,6.478034213381219e-6,0.0015232008347870253,4.549853324587243e-5
3.3500883538019976e-5,1.7743727887335356e-5,0.0006000234674999867,0.0431420787645203
1.4035455344000056e-6,1.5100729402468227e-5,0.00014071767791397339,0.0001344790405029548
1.2260195367410256e-5,7.077256302256793e-5,0.006552830988739655,0.0028676628285262003
3.2099856228859506e-6,0.0001809967148113284,0.00035457216244074596,0.003027265317061715
2.599222776031166e-7,0.00024417441239585113,0.0006900490512599382,0.1388158017888927
6.413099963693868e-8,1.1195405759876569e-5,4.314038462135385e-5,0.002559969791819333
5.788176307545858e-6,4.571550194147414e-6,0.001644568303439254,0.0013114628782608401
3.310137990146576e-6,0.00015935219077594425,0.00010212634374984782,0.0093624963944846
1.707097538897435e-6,1.9850612684358014e-6,0.0001489899143729157,8.729202149316737e-5
6.875093535916854e-6,2.225802217248786e-6,0.00020010982277419208,0.00026899590581983684
3.797703622077218e-5,3.0041345191898292e-5,0.004816210088385287,0.0011699105521479722
2.0217206272123237e-6,1.1245008322011516e-5,0.006247261965016263,0.005856635796658395
6.465647120261158e-7,6.987111629980225e-6,0.0007410895953208431,0.0557698110833576
9.410223262554994e-5,0.001224822266987502,0.0012738030677720727,0.0013374987605976974
0.0001417981782290726,0.0029449176633174015,0.0018189536236431195,0.0002371352702795848
2.1468562941637286e-7,7.109787450970625e-6,0.030358645463518387,0.00034540851866531156
1.373773850712925e-5,1.2501931251320123e-5,0.007429812949655955,0.0017565853961940246
1.5925787142695125e-5,4.289648307794173e-5,1.260385325666534e-5,0.0015236382744970378
1.4950566366009427e-5,5.173704358084695e-5,0.001117871680387492,0.00017153776695130626
1.6069751169109405e-7,0.004378400372662501,0.002938828382085906,0.009474913504667719
3.308315766961651e-7,0.00496679115234004,0.000759630518603624,0.06425330407732263
0.00011026942265587654,2.9818065928949527e-5,0.00011163604549775636,0.1179384539495513
8.67548790310528e-5,4.333153154426864e-6,0.0007484528339511864,0.006452279127890273
1.2416158509176496e-7,0.0004522451615868867,0.004931325978034912,0.014939398167873999
0.0002185586446693554,5.499634731983941e-5,6.0643224202635205e-6,1.5455983210887e-5
2.27573916288546e-6,3.8725521682550544e-6,0.0006764480411841294,0.003832114701324311
1.5305604792221205e-6,9.297012606114251e-5,0.004422121517064676,0.024297509619921453
3.6067437841724717e-6,0.0010278737179615853,0.001342293333050588,0.00016054491930153443
2.338432611173383e-6,1.3814970045063627e-7,0.000834940308144918,0.028019456760613858
1.7228057464456836e-5,1.4944723513459588e-6,0.0009115033181395517,0.1897353170073588
1.8380544578169502e-6,5.629968594514903e-5,0.0015746585786596717,0.007074440692803967
0.00022718611722200867,0.00012841064153544296,3.644422430924648e-6,0.004172014791325203
3.429746139714907e-7,0.000718530325788924,0.0033757654303996944,0.007128329633271417
2.6955920052004332e-5,0.00018589510693765678,1.3106088645412143e-5,1.2557226684073786e-5
3.165628677549596e-7,1.3772312937115719e-6,0.0020936619012499186,0.0019989099725939716
5.541545408677337e-7,9.785756626294902e-7,0.000368847318710566,0.003131544000949175
4.484755200920539e-7,0.0005109782618027557,0.0004286486102265307,0.0013073342638651514
4.405570863744029e-7,2.643256264748597e-5,7.425917816972366e-6,0.0058174315096258785
6.99153681740016e-5,3.0104317339571513e-6,0.17692541241590956,0.011154799311965799
0.0003293902492398407,6.454662543439965e-5,0.004334728878864398,0.05846034220567803
8.40528130410647e-8,0.0003932321229742215,0.0002247310392147517,0.004469817449849677
6.583469804249438e-7,7.103224468688643e-5,4.894716171153929e-5,0.18810050438380643
2.0683373572787235e-7,0.00011667691930845925,0.0010729654333542541,0.09144033835091803
1.4749623681552736e-6,0.0037998944232433005,0.0008249564113032947,0.015392148294454287
3.892966589813227e-6,0.0001679185072303016,0.0003157264494285567,9.196629235764725e-6
2.1975847838219323e-6,8.008632285870315e-6,0.01705044458050468,0.00050512361286624
6.511424560864896e-7,6.647074403228358e-6,0.0021353439729597254,0.013613592931497841
1.3737566153742081e-5,1.0017599099999142e-6,0.00918351910072896,0.017809688558682306
7.449333247152174e-7,1.1694275101199465e-6,2.1781398843145006e-6,0.0011975749180089782
0.0003939213692786635,5.559225274683497e-6,0.043238039656712676,0.00020587279963670178
1.1646646700165891e-6,2.526866765767081e-6,0.0005334447024999057,0.003394782544670351
4.2343536977502735e-6,5.99403498317698e-6,0.0018086303619841073,0.0038779381105723794
6.06762481014861e-6,2.3768954482474334e-5,0.00015088284031121476,0.0002953643073055546
6.705425604035917e-7,5.8059569185435445e-5,3.506201040260559e-5,0.0038387857738079526
0.0011039024317241856,1.7228109866435595e-5,8.853783052870446e-6,0.021520056173543238
8.551474089940217e-5,3.1849884045461224e-7,0.0009711770444958132,0.000656036487943158
3.0056587639422436e-6,8.818935830159026e-7,0.00013377304477930663,0.00039369181701978136
6.010522401751975e-7,0.0014731810465566473,0.002220493542999645,0.0486083083295905
1.8642887302083407e-7,7.899704294572552e-5,0.017180692863852112,0.0001539039403018541
2.868479164355454e-7,4.511351859157559e-5,0.0007878742842749897,0.0004061979555906373
9.50494241406322e-6,4.3652835844040765e-5,1.551387218504783e-6,0.001858245202352066
4.2933264155006965e-7,0.0009205754601802542,0.002977388936992229,0.34949133478475325
0.00028598925388910115,0.00012342398930510735,0.0008788857325615579,0.39767755531213894
0.0001587425992907164,2.7666729462806835e-6,0.0012042049078084642,0.0006262378371271905
9.041262058801013e-8,0.0005584137181692935,0.015581078607733286,0.00019230353673688435
1.4573721622256138e-6,2.1360239013088957e-6,0.002457135864525199,0.009375496070172485
1.1504693482741384e-5,9.986418036365721e-5,0.0235710872987595,0.036189098959866786
1.3652720767370608e-7,1.6026891212943374e-5,0.0007088124504376308,0.07917982779220527
3.099039435968606e-7,2.852542842015519e-5,2.5195778132038725e-5,0.019285441090812448
1.747091750132428e-6,3.7150263285919687e-6,0.00013603133622342757,0.11401401274916466
5.313829157365327e-7,2.383976967103837e-6,0.009870283084968965,0.0085479522914421
3.847686699951818e-5,0.002201196642439604,0.0011153079051260367,0.0023041506306586785
0.00036569508064074243,0.0015040904879965197,0.0016361514918818427,0.032868614983281454
1.06019105827446e-5,2.1296659100383378e-7,8.561654560768163e-7,0.027292049243289665
2.9908915413579583e-5,4.073642772213592e-5,0.006774431062424013,0.002691025931854619
3.3693382668384614e-5,6.324115823625636e-5,3.3320350952895907e-7,0.005403699999216243
1.2605966441795809e-6,0.0005865091954457831,0.0004080427504946189,0.0005273571026852867
4.887132230922858e-7,8.450820217380747e-6,0.009119776716442223,2.8406257721622555e-5
0.00012088452507342562,0.0014957640548472935,1.640780029596106e-5,0.009913736493238649
0.0023733791875654815,0.00012327116858525857,4.951362027444465e-6,0.009085218620376943
4.762086036502576e-7,0.00018469625784719158,0.0031961895716594315,0.009727166054102388
3.6290382341992336e-7,0.00019377073737509868,0.0003695344059626111,0.009643156257735385
0.009862069116233309,4.796518088329491e-6,0.0001155496408371805,0.0007199416704555008
8.722666575579497e-8,1.1062625056016932e-6,0.0001045003927842791,0.00012786168115702578
1.5632933300974836e-6,1.0659522805403924e-6,0.000990211091525323,0.13137639642134544
8.729133627727732e-7,3.582367727863796e-6,1.6361674069381656e-5,0.041209762205597904
0.0005051566188287638,2.5782978730659828e-6,0.0003560330655515933,0.01644922957642222
1.1978514848607741e-5,0.0005031981777668196,3.2827639013298198e-6,0.01940408860499181
3.0231071909711085e-5,0.0004985593368306949,0.00020596632257882994,0.0005681121408494242
9.567996539228753e-6,0.0003523614165299284,0.06318930400896924,3.8689222819561835e-5
9.210356349456067e-6,5.6278274024452115e-5,0.00025175866768847654,0.0013369723197072857
3.6617285081933976e-5,4.6133781852416665e-5,0.003001484640480085,0.03831082816928604
1.2017558251402377e-7,0.0023531530059975494,0.0030739009867320525,0.028322737314318766
2.1128376319460107e-7,2.2171344074893897e-5,0.00011907522924276357,0.0018266549822060856
7.084901108305772e-8,1.5137289151562273e-5,0.00019574138756458812,0.37223779062102913
9.51437789413012e-6,0.0019207677941730412,2.27663900613039e-6,0.021773872940662086
5.789911907856238e-7,6.587519723860009e-6,0.0001737106919949369,0.011133514142127928
4.4912864074942626e-8,4.036800377555873e-6,0.0003927028548171689,0.030778747861284386
0.0007818814193342304,0.0003053910661467778,0.005239627836273574,0.010836232286517084
2.652890245593917e-7,2.1038892252954827e-5,0.012856754349376479,0.00034409435081160885
4.0448537399989034e-6,4.5807218573153504e-7,0.0002664005279443523,0.0038912189572272273
6.217465612082137e-7,4.1533932855226417e-7,0.0019256955133610011,0.004059841781889734
4.727703011190944e-7,7.897386667812409e-5,0.032870137191536884,0.009913761029981686
2.558463328467553e-6,0.0006903032760568838,0.0043906818085375455,0.2090997808390493
1.920956500019341e-6,2.724610205102805e-5,0.0001204652108808942,3.1330062369746215e-5
1.8348016786845187e-7,6.363202236779172e-5,1.903654192038849e-6,0.0006415372340571523
1.5569035395702692e-5,0.00011310517475356735,0.0047899112669983574,5.620474142045894e-5
9.783398103767907e-6,6.265692428291242e-5,0.0014657083572388058,0.007692140818488538
1.6944921357918295e-6,0.0059696194946997965,1.031580936140272e-6,0.0005792718982088495
1.0878483820546639e-6,0.00017702911552500042,0.008945149659181285,0.0018097552699818577
3.1809172279741534e-6,2.2061247179530476e-5,3.8732020245007976e-5,3.646410802674852e-5
1.3478101351996477e-7,1.3864601168300223e-5,2.5554511874516233e-5,0.02241358830913331
1.791338678107768e-5,7.69273083337696e-5,7.67978183245602e-5,0.08694186776274208
4.993141813216779e-6,0.003661448296841915,0.013058049567786657,0.03646320110872061
1.8230511937572327e-7,0.0010367178798743218,0.001277565411876892,0.0013458272454559056
3.023385775952639e-7,4.08157568333862e-6,0.0012930812659664643,0.0026993242672489256
2.0714057658804368e-6,0.00018200740972340782,9.159682060853798e-5,0.0006691375744208656
4.716450913148658e-6,3.454139848671174e-7,0.0174256513660418,4.645070172702117e-5
3.6582846629514813e-6,0.0011827010689769986,1.3455376032777453e-6,0.005214300483773895
4.3966166341167776e-7,5.3962869251286906e-5,0.0006867627117289321,0.001993417832614798
1.6394408475268384e-6,0.00012763037897817344,1.522542330374649e-5,8.571973102071375e-7
2.9319899539183475e-7,3.1988851852043953e-6,0.00018155891751923007,0.06275210750868394
1.0886192289309945e-5,0.00016151970864003136,3.1545973667776495e-5,0.003873509123020409
3.4452551612141453e-6,1.239851942518268e-6,0.04578780866870587,0.0002739763429430946
2.0459791806221744e-7,0.0004033382727118285,7.246775410430188e-5,0.26648507447813174
2.8929537984898442e-6,8.744760862119338e-6,3.148527214408612e-5,0.00014629568434111633
1.6396720927338352e-5,0.0011688723135976262,0.000906934345897183,0.014211570809549582
4.889058001087824e-5,7.489316879630882e-5,4.701837977404598e-6,0.004697865829915828
1.3076224609453595e-7,0.0005964022018906218,1.5202197879103293e-5,0.005525230350621837
2.7755342471650086e-5,1.4318732627811063e-5,0.0022493949431211437,2.761619730225616e-6
2.9351841698039897e-5,0.00011660466383492527,0.00021221142528375227,0.003999675028679128
7.2826658767885e-6,6.10015907876274e-7,0.0077553822385732375,0.021979871841450265
1.938370821116947e-6,9.522794800583429e-6,0.013801882172302427,0.0033918076098128124
1.73193087309421e-6,6.802037581910253e-7,0.003075530027015798,0.04658640934471255
6.669566528399751e-6,4.709250027402914e-5,0.008791773803586476,0.0016852053073688257
7.541892875155174e-7,0.00013218018401848456,0.002901474668019933,0.0009396078347007257
9.513527824131316e-6,1.0991656622719182e-5,0.0007556742477437642,0.0011831446748261734
1.2158234009579208e-6,2.08683889906955e-5,7.91202932057685e-5,0.005101547970482288
3.154820215176871e-5,5.424535374073568e-6,0.00663889216563913,0.0036611666863731246
5.217631395182575e-6,1.9581594740783753e-5,0.00011327785639419234,0.0020956391695715723
5.868305095332114e-6,9.239580340371832e-5,0.0005864637714294527,0.0008529116320906265
0.00018198974336675126,1.81440693823092e-5,0.0003284527590227328,0.19293678005830325
1.668337160430838e-7,3.5234349798584706e-5,0.0015369464991576167,0.01425515068970632
4.2140555803251145e-7,2.617357757533759e-6,1.527670796540616e-5,0.048237623514105515
2.2922420709158837e-5,8.582090492197033e-5,1.2905259191173303e-5,0.0006105572969716762
7.407767131449731e-7,9.962096864358912e-5,0.016998489618424626,0.0010588061646644763
1.606764484297442e-5,0.006313615485606531,0.000558318957345486,0.0003528431308414992
2.5489402664644727e-5,3.307187258412513e-5,6.529740671268543e-5,0.011373033955271249
5.31956213413634e-7,0.00011197450163092038,9.913828642742171e-5,0.000475207979756058
4.6252643897998276e-7,1.1084584494160162e-6,0.00595111829731091,0.007887292798776575
5.193731835411827e-7,6.697650936413749e-5,0.00015241453736323252,0.014125788502081304
6.433246990498877e-7,4.1303191470139366e-5,0.0009578540759105774,0.06630620189113033
7.352969687037276e-8,6.891090262246093e-6,0.04251921865870521,0.002494011905201368
5.938388034376212e-7,1.6224812408097365e-6,1.3117341977378922e-5,0.000314039562185499
2.5003201825829962e-5,0.00010627807945767945,0.00011737911152498189,0.0018291072189237465
0.0009970393069399237,4.194231564764592e-7,0.014635932267200509,0.00019404913295838132
0.001468296682400023,4.583146527676275e-5,5.568072404430303e-5,0.03192866908474295
4.595311515093602e-6,0.00014252467674171778,0.0003693035876774431,6.22998660917414e-5
8.50727712409471e-5,7.869800883471575e-5,5.0040944259485254e-5,0.050682164058173704
1.1216133045412536e-5,0.00018236199738405823,0.0009264769792829791,0.0016041957614589496
6.316226833161839e-8,0.0009029539648263411,0.005961216179018985,4.0542753096598326e-5
3.944070554612644e-6,2.394642669966735e-6,0.0002907886833797832,0.0005268402346533727
5.619388220483083e-7,5.570428159071482e-5,0.016527952415537773,0.0003774254451575221
0.00010905205716332525,4.333788323314194e-7,4.015581025924917e-5,2.2900345286594338e-5
4.353229626922353e-6,0.00016040193295619565,3.512966801302891e-5,0.0008531530152575196
3.2391400389428635e-6,2.5238512222387245e-5,0.007366137992911304,0.0005237221280991151
8.359966022173402e-5,2.4282345965143468e-5,7.165834600185864e-5,0.018448135500232617
2.6079568657259457e-5,6.309593495531712e-5,0.008257730821094305,0.4135885148792441
2.75807936939499e-5,0.00028941990030145406,0.00010760646653588932,0.021423096292023387
2.9591585666362233e-7,0.00011995790320463549,0.00013122104108331258,0.4596214761303585
2.832934872069453e-6,1.9934231686188093e-7,0.0005880496858174965,0.007825583699978626
6.118010908605145e-7,0.00011410425951127661,0.00039828754727420473,0.014041066175950016
5.151534871615496e-7,1.8571336859878488e-5,0.0011118292963377698,0.0020853471666577045
2.438068968768232e-7,0.000988765037936035,0.00040601785576566406,0.00043846656490213526
5.2269038525418096e-5,0.0002462857009179065,0.03161925672594793,0.005269146017780803
3.2754823030820356e-7,4.15563885018719e-7,0.002483093524377508,0.01630594361474949
0.0032091131144204995,1.3099542813760641e-5,0.001054960539423237,0.00032215132658597974
2.0056310587032785e-6,0.0014164309076328356,0.0015705756640638972,0.0160456167446077
0.0014738038116484421,0.00018164415109891846,6.98252820772777e-5,0.00025029293650580974
2.0296811549769257e-6,1.411750190650353e-5,7.49381786270576e-6,0.003095574335812963
1.8527635399743392e-7,0.0001437144142717496,0.0003856718524934654,0.008885671225727313
6.0840606773876986e-5,0.002458120472789285,0.0006450856002143144,0.2420015391367579
0.00037339708077566364,9.225178105734202e-6,0.00019531267316494642,0.0008667224563355758
1.878202879728088e-5,8.340484137518632e-7,0.005286914409468501,0.11367168662373456
7.456115439448526e-7,3.547080809080642e-5,0.024458898688753814,0.0012441702002110619
5.624104150556777e-5,3.5888953505695034e-8,0.0009654840018360094,0.0003522217120515859
6.206844949612114e-6,1.1573831258423778e-5,2.520733541722191e-6,0.014516040755208669
3.7605478313594924e-6,6.110146329533092e-6,0.06590375822491827,0.0033344224874831316
2.659232383182722e-7,2.474468845790518e-6,0.00014069605253454786,0.00480351608860103
0.0007084205781692855,6.189911055206284e-6,5.9864062450654675e-5,0.02056909195869958
5.53506951953021e-6,0.0001203326577575244,0.00015954694495486793,0.04118467368030693
7.694054238542262e-5,1.3500310844671242e-5,0.014021909630854637,0.008839600970161787
1.472624684473054e-6,1.7027476221330216e-6,0.012394727584917175,0.0030476472409785155
4.242789911200435e-6,0.0029930924301864435,0.09399530298314251,0.0033924989971052793
9.150554931988139e-8,5.9734800871556844e-5,5.698376049705662e-5,0.00357990656661311
7.05451348966853e-7,4.7062392543206175e-6,4.255475493457759e-5,0.0031846845946041165
1.4675974897195453e-5,5.421487382627923e-6,0.0007574336086667466,0.16474109665103318
8.235225644309271e-6,1.5360967504025465e-6,0.001823748247229833,0.011492665698297757
1.5057562080865433e-6,0.00015202793581549915,0.01108637473351847,0.06412931295442353
1.0367044741116293e-5,0.00010377853405690132,0.00499956165208883,0.0005655562785817575
5.676576557271877e-5,0.008692506957402717,0.0002774028737524715,0.01132314274903226
2.772946041042227e-7,0.00014256955669225208,0.0024339576575400606,0.025945630810966614
6.400456588731795e-7,8.284921654255038e-7,4.596848814655872e-5,5.0263338968624275e-6
5.205113727859502e-5,0.0004031210873816692,0.0067692569931349965,0.0004424068881521031
1.169811152365544e-6,0.0002545416561912214,0.0017256253834434835,0.004910880868119332
1.904923769642597e-6,0.000738180686709239,3.3266206048294864e-5,0.00026937763970160766
0.0005054215706569041,3.097799935482518e-6,0.00016995541686526375,0.000501402648242792
1.7882207829640077e-6,2.607878379027788e-5,0.00010883969640466829,0.006618009505760886
2.552512126220889e-6,4.525979142469417e-7,0.000252972117063529,0.0004165598154974535
4.703667526902537e-5,0.007008792719773736,2.1267923998660796e-5,0.006408672253364702
6.926127094702941e-7,3.3795042965312613e-5,8.174861605435373e-5,0.0002964288248213985
9.392246694198178e-7,0.000671652088944222,0.00017174033264890043,0.0014122594030448017
2.0991365655820615e-6,6.689410631889195e-5,0.00780562806463767,0.05117746085172221
3.6375570536540007e-7,3.5830575677242623e-6,8.431730004036025e-5,0.024731742412291785
1.6788108975593678e-6,1.363494877277428e-6,0.00011868943265000706,0.013159688233405128
4.08189496968677e-6,0.0007016298897199551,0.001173541633589914,0.00031485281231048435
9.48287959178754e-8,3.225071537400013e-5,0.009809439895861229,0.004475634093544568
0.0002501088369303506,0.00010971659253376673,0.004572486493864444,0.07165174795456204
2.167395655339611e-5,2.918343558237587e-5,1.729640900894324e-5,0.05515660492800416
7.92446124850101e-6,0.00040841546677951665,3.8181443491512346e-5,0.0233492842619377
2.133641306079357e-7,1.3307375344444033e-5,0.00042753144766508196,0.00038594026298825827
4.5464621117898466e-7,0.020179165946088474,0.0006212702802249573,0.00919643386004276
8.109764081955836e-6,4.125722406096367e-5,0.026760286409227584,0.001062660396011998
7.180743485236335e-8,2.475766484367821e-5,0.0023117706683017233,0.16618310395440478
4.651253949836543e-5,0.0004499916466468675,0.00013767071019728916,0.0032441199112419375
1.3710763315468647e-5,8.065161452412891e-5,0.010445178209265315,3.0174590023819583e-5
6.267204289152003e-7,7.783990842692867e-6,0.007607958776733818,0.019433199467084657
0.00011373732714920329,0.0017006601466386946,0.0006417902818407027,0.04690121783894726
4.386701672626236e-5,0.00013224435196480778,0.00048095370386347337,0.020596901684149876
6.769464619096743e-8,1.2842781254924142e-5,4.5469568782168555e-5,0.16557091762882517
9.400590158751504e-8,6.883336140070139e-6,6.955857680876914e-5,0.0273480642806256
0.00010098033161629771,0.0006365577126190603,0.0032718270147592916,0.011464831864678632
0.00020152745933997904,6.428169314577146e-6,0.0007107820303403782,0.044046529373670346
1.6862033172868985e-5,9.076013490208861e-6,0.042945879469680696,0.15851692588726682
9.467044998383587e-6,0.00025300049124502146,1.5447065039156172e-5,0.0035354410590185863
2.091546252291624e-5,1.655958629143015e-5,0.0011157062942522384,0.021008203684635962
5.874573724186708e-6,1.9209194158347102e-6,0.008305602150784968,0.0009365860312652319
5.459915190275826e-8,1.2421950275897009e-5,0.0021430138045911984,0.0335807746486307
0.01182553727822317,7.306039472611019e-5,0.0372510033889216,0.00037399757019513903
4.233772342155985e-5,7.70112684796062e-5,0.03397021788252892,0.0010093314205220484
1.1372968537939876e-5,2.092152006893977e-6,0.00011399826445282199,0.0018661213384881207
1.2955031077924528e-5,4.839428720410757e-5,0.00528973678120299,0.0002812851496188031
1.846267452779053e-7,9.541573194185575e-7,8.73088527231065e-5,0.0039105002020670835
9.59646677436976e-7,4.659912876405113e-5,0.0027419603519027356,0.008568209250753306
2.1218225059006022e-6,1.0704193944823929e-6,7.274231917956691e-5,0.0014288004269415874
1.1461798677981908e-6,2.0397594464350204e-5,0.0005530316365197374,0.0026285459208873685
2.469355116084711e-6,0.0037588200613313328,2.956833847094774e-6,0.0006356495493444762
4.6649603216238395e-6,9.359222277030057e-5,0.00025912929986888404,0.00167178660012374
3.6608218816233164e-7,4.483193538639373e-5,9.62361159381389e-5,0.005200427034694682
1.0762483770763805e-7,0.0006748342097066951,0.0006872190090668421,0.026141446848388525
7.434768505907813e-7,1.3550278799273e-6,1.3370232799856897e-5,0.07137682362873454
7.224982295112964e-6,0.0008822269124535336,0.0004441287452003556,0.019165790657585335
0.0001610723553841386,7.283871096773411e-6,0.00018887010457605498,0.0011787061232744682
8.001573316607608e-7,8.124057890507442e-5,4.45852510354232e-5,0.002321015006854456
9.741827358926438e-7,0.00044600204589863724,0.0010971565787333286,0.021685642960447633
1.4751725898601436e-5,1.7918732563860993e-5,0.004676722601363929,0.0013252636339850371
9.168594780215838e-7,0.0003228930291720291,0.0015823601892786545,0.0081076453554695
2.556349320814232e-6,9.284133382549158e-5,1.626403024239256e-6,0.00021607272975481565
3.443035519736346e-5,5.957118693738849e-6,0.034477350495904224,0.017547869768438855
1.2537238140870952e-7,0.00014896427825083288,0.0009852034829945535,0.0030381070629036584
3.108809574713762e-6,7.646399172239186e-5,0.0018108570028608395,0.007182998271450027
8.178772685041887e-7,0.003357802552212669,2.662646142623271e-5,0.0035991497854039275
1.736647967573753e-5,7.441299745619204e-5,1.1938549702292916e-5,0.0034817784866987764
3.8894287806546887e-7,2.746866118623851e-5,3.1398883874368044e-5,0.014617411284889997
9.211489036593222e-8,0.00024675461881741036,0.0008593513154703419,0.029583067039432417
1.6464302723630323e-6,5.881738784305084e-7,3.834029460736789e-6,0.0010553817643303841
3.5639756510391924e-5,0.0001618544601329921,0.0025464001693402474,0.02621446893291802
2.3729154536195308e-7,0.00014368034840073364,0.012695231071073964,0.02215467388887368
6.385732057895498e-5,4.024630635819571e-7,0.000294730799923989,0.00036136324559196367
9.392313154128909e-6,1.4829683534876207e-6,4.001954415850699e-6,0.8606091931489458
2.0710091002462265e-7,1.9119991595279856e-7,3.374088467384681e-5,0.0008153476723432239
1.8898590612650506e-7,0.00041951636321223594,0.0009861436973463357,0.05247494441948927
4.796815086195901e-7,5.602768426451173e-6,0.0010814820856986224,0.024840544818270114
6.259786991055119e-7,5.3130701122463705e-6,0.00029266530938979384,0.00715936486928127
1.5634539828881677e-6,0.0010130183513441112,0.07521770495319768,0.0009397380486139275
5.3363957356939094e-6,6.668215074185805e-5,5.589154128505819e-5,0.08107446897459386
9.370132858658767e-6,1.9320282989349047e-5,1.3864534725308011e-5,0.001128530175134036
3.12346271702695e-7,8.07162646125233e-6,0.00047325713612757404,0.0019429779881310813
3.232869755374175e-6,9.550709333555662e-6,0.0016424866886558364,0.000506898200139467
0.0005281740979571111,0.00017767459090246566,0.00019322603151893206,0.14603446449113616
1.2191433043124144e-6,9.988373003555735e-5,0.002618317973455083,0.19647365006219844
8.603444561455603e-6,6.33848868677038e-5,0.003079953695401765,0.009947025649869351
1.612081011169954e-5,7.956100757767876e-7,0.000362906082251152,0.0003328346399748538
7.694367130668175e-7,0.00012558086559760732,0.0024472553011487303,0.00020106459316555957
1.0198403594705284e-6,2.4906085955279733e-6,0.06273415729408803,0.003234392609840312
1.9670850801719264e-6,0.001017302355633955,0.0001718926840378873,0.0006876211564534682
1.8992670941050023e-6,0.018785570551350977,0.0019962919480622813,0.0007625260053107203
5.1360773388558755e-6,0.0056607376054351064,0.00028807260336348857,0.005448827793070578
2.0802134611925477e-7,1.2947607768695527e-6,0.00012071394020183806,0.009437092290102388
1.146896017537422e-6,5.3689891108341346e-5,0.0005871624319973371,0.002362643512663158
1.9149624218859005e-8,7.76566050642816e-6,2.023476082089974e-6,1.9748527471183354e-5
7.826813885815615e-5,2.9711040868607905e-7,0.0008705577003942569,0.0003307047274370891
1.2662644097047166e-6,1.5325820444420186e-5,1.6666784610904523e-5,0.013223906379141106
0.00010328824022694422,2.2288545665496624e-5,5.0792570739089166e-5,0.007071557540383021
2.305545139342243e-5,4.3426380997826964e-5,0.00010817532893962261,0.0005350189233150488
6.981755513306649e-6,5.2757851641213676e-5,2.1434078261596695e-5,0.000644733827647515
4.403958752350418e-5,5.172277696627954e-5,0.02407709067197971,0.0013423243405125225
4.019353246512487e-6,1.2541251972215576e-6,2.1793447967580365e-5,0.01211345808667452
7.988924810629488e-7,0.0014152612097516081,0.0002020945013805294,0.009052685562693574
2.207815761108073e-5,0.0020117987268973266,0.00018592488964716425,0.03696386195240428
4.6507435916504014e-7,0.0003404806065056122,0.0007817099692750991,0.1050243333356032
1.051009401215158e-6,2.8657446921294454e-5,0.002408898839586376,0.028185594622409483
6.503380272818835e-6,1.2765550596799908e-5,0.0005684543455745279,2.213663781388405e-5
6.168778759403458e-7,0.00021792200770234915,0.006038972028767473,0.000621701700658222
5.202518542356941e-7,0.0005524069430372633,0.0008831377708635805,0.0013355278609194583
1.1392970033312865e-6,0.0006832145475899425,0.0005013091306725486,0.0025141754624386226
3.4503136616735264e-6,9.181654910443207e-6,1.8123383849380906e-5,0.0003149871751696936
3.398002199122051e-5,0.0005803168016915774,0.009628356842927534,0.0029148763490817833
7.99264531157423e-6,0.01582273449775498,0.001674708971932034,0.0060523550424999946
1.892515439924165e-6,4.4367920943391936e-7,0.00040171058630597214,0.023342124266629034
7.547946676320803e-7,0.0016776225340816011,0.013982832456791362,0.03527887504247905
1.82164779791801e-5,9.403603865232367e-5,2.7947043365781156e-5,0.07954508928982663
7.487318053058219e-6,4.639176627231441e-5,0.000185998645178483,0.00042777824792751833
1.0223112048574632e-6,0.00014521519217290216,0.014594450217353009,0.0077584295402163
1.9170471071872984e-6,1.084970216845857e-6,0.0039147350193371785,0.018766486061402275
1.850547616977627e-6,0.005318899657508732,1.3498011351943386e-5,0.0015593781284331805
3.3453061316817224e-5,5.0158412108899276e-5,5.0564446657865336e-5,0.00023825941057065042
4.900591492155206e-7,1.3907210270170912e-6,0.000106240691591796,0.0022908683492607472
2.5939695115540996e-7,5.882473836031896e-5,4.54741059632094e-5,0.013849021845334602
1.3119881732797916e-7,0.0008982772478563716,0.0006899032372494512,0.16412693613699025
9.924582936451805e-5,0.0019938914567891306,0.005788042364897138,0.02732871328248457
6.410101408708162e-7,0.00010908212827106982,0.004510756926482865,0.013773784697254543
5.097096856397765e-6,5.918061227011966e-5,0.0005432082795233845,0.002242258126954566
1.029033352884829e-6,7.229682491583763e-6,0.0001479310068063617,0.24818725673172293
1.0083462626150764e-7,0.00014469448837527122,9.846842559192911e-5,0.12620930422213267
6.405324694624674e-7,2.084043043232017e-6,1.1371593275674158e-5,0.002179812312563733
3.366296186907168e-6,5.526232357196926e-5,0.0011455893422488486,0.02013769325519946
6.807626896696959e-5,5.459609192097067e-6,0.0034601312719175206,0.014539268431659088
1.9124230609090077e-6,2.2201852974237666e-6,0.00526846189391674,0.054586458294290215
2.2286849556044774e-7,3.53742243595636e-5,0.00037486987318519283,0.0046885110199080884
1.3129597580695638e-5,4.863749654324033e-7,0.0012849305292833265,0.09625473681124982
1.4017917247762341e-5,2.1480152019723083e-6,0.0006329439559171182,0.013412912476364853
4.384950963174607e-8,0.0017041640493114993,0.0021597705338954427,0.003321379794025966
1.5161041635956223e-5,6.815406418568114e-6,0.0006579034991936572,0.0004609773176508113
8.490524636211081e-5,4.819608630945758e-6,0.00011379734788595596,0.01869476234965115
7.522274726832162e-6,3.276907840623497e-5,0.00014722414635025125,0.021979756212275773
7.834922589887064e-7,0.002189023692629908,5.233996534473529e-5,0.008860279195035542
1.3331711534568436e-7,7.31250432581484e-5,8.37854504201596e-5,7.571296799626109e-7
0.0006904126454499274,9.852701262907963e-5,0.006601575820706544,0.00032849364740584135
9.108311207287479e-8,1.9386114808713166e-6,7.101145874750847e-5,0.02400504328285841
2.6705111650226536e-5,2.9948380442789394e-6,2.0146055048312517e-6,0.0037081980684007952
1.3694816769303785e-5,5.194327453485721e-7,4.730704571463758e-5,0.0009781041637013015
1.934978614428976e-6,0.00016374781517089726,8.11270801108693e-5,5.706074306718154e-5
5.524616848701152e-6,8.695995987684702e-7,0.0025877881854039072,4.821828525289578e-5
3.3306627199580606e-7,5.9932642017725355e-6,0.0008856223386338719,0.03157195226766708
9.648184399437757e-7,1.8726769640341518e-7,2.365282921777904e-6,0.03390086893774702
6.824020052440309e-8,5.087804289488639e-6,1.8358830807874658e-5,0.002066730964477407
2.6724144729058853e-7,3.6149306567349643e-6,0.0003684169564590363,0.004668224066923585
0.00019160377479564427,0.00035468734078312846,0.0001052926124614509,0.09292539960509928
5.584008256119009e-6,0.0008928628141420979,1.9661688527882553e-5,8.516942663198255e-5
1.1993286380344773e-7,4.536285009369778e-6,5.1120316595497226e-5,0.07527273056621639
6.692816658839764e-6,8.035170580843906e-5,0.008330032903883722,0.050019449278260235
1.2898934988363616e-5,5.358553214526569e-5,0.0019302967865136582,0.006238656361109257
3.153681762033069e-6,8.977564819467055e-6,2.429743268385311e-5,0.1508656037150663
1.5681479019962996e-5,0.00011863736742205549,0.0010552127743639116,4.7278034512902014e-5
3.4035129652107105e-6,3.670988040803718e-5,0.03919935524487813,0.000371955664288672
2.9841178976287407e-6,0.0016763615746177467,0.006348411537064707,0.04698220084606063
5.668081395423877e-6,0.00028120792573896157,8.138698330559419e-5,0.0003785216744667432
1.1096794925198346e-5,0.0003038955883957919,0.00042778641775363744,0.0003951746463067504
8.353005094186837e-5,9.769398421218071e-6,0.007442113055037549,0.058896164423212626
0.0004176708167785933,3.45295100271582e-5,0.0022338877259149674,0.0028275356562667974
2.0106742276241535e-6,9.422139322064135e-6,0.002580255998109251,0.00022604416708218493
4.411907177900381e-6,2.1427717248521926e-6,0.009274596453730074,0.07357055881557104
9.916781750282954e-7,1.8939391994052594e-5,0.0002590035884062335,1.855922874964051e-5
1.3292713524958562e-5,0.0003065297847158177,0.013384108492458005,0.005584141773642116
1.3239309703137493e-6,2.486482831658758e-6,0.00045400170739534894,0.0005017228308416665
7.669950507521252e-6,6.05899124782878e-7,2.7132969855284394e-5,0.40329421079803074
4.876702421407396e-7,0.00077309381569191,0.0001318787292173524,0.05737540573407112
3.538313037288997e-6,0.0005419133754029199,0.00017724451786515835,0.055348605089891575
0.002824407567211315,0.00028968357890592043,0.06136954145787309,0.000136525441573931
1.3689618312764693e-5,3.460103994512448e-5,0.00020298374366202208,0.007685261551795539
2.77762644300197e-7,9.503903802820853e-5,0.00022674111296590774,3.9814265175790704e-5
1.0345710960516471e-7,0.00012250843051581295,0.003735378881678171,0.0009550773210909311
9.136888192107323e-7,0.004966346230103108,0.02694212380879088,0.035532693474956085
2.253329424750138e-5,1.2656573106040576e-5,0.0017804076540351144,0.06886429921153439
2.5914346570875083e-5,1.1072270980779875e-5,4.054881263752618e-5,0.004420913610661345
2.4321573965561717e-5,3.2180876942811926e-5,0.04622132522915087,0.00010439701049750271
0.00012638277524867762,6.316631190712558e-7,9.221986276981512e-5,0.00020473342555642207
5.4840576650049405e-6,5.631640929219387e-5,0.016764910288581947,0.16328252554826791
1.6736459875681995e-6,0.00010062671257962235,3.1003000669978076e-6,0.02843260106744468
7.023629814315981e-5,0.00010844170408192415,0.029604224732091487,0.002399155001675654
3.050969355001335e-6,0.00016540124405106912,0.024027000332396097,0.002129944033653374
0.00011430249945755208,0.03437087886694667,5.867925294684549e-5,6.513245769514415e-6
2.7738038420018294e-6,1.3500384332826977e-5,3.204011270860895e-6,0.0005630571638784582
1.0698333378730244e-5,0.00022081657685078985,1.523510981096145e-5,0.30037097667233337
5.752799986308406e-7,2.258693576957636e-6,4.064730689182763e-5,0.0034311527577851977
4.5496498210500923e-7,0.0002428658253192678,2.069418750909762e-5,0.00170725751477138
0.0003497445553246565,0.0010405625296305524,0.0007751481141916764,0.0041582101727118395
1.4607659612832192e-6,0.00030959128267493176,0.020826591801716768,0.16910536134304816
0.00016811520646197231,2.226421071844206e-5,0.0008830853777478806,1.2155096893406652e-5
3.163249041204399e-5,1.4632189242974029e-5,0.0007029285652741736,0.002186068482469928
2.1056400092572787e-7,1.560091250029773e-5,0.0003914314995768202,0.003861947829091167
3.241426070762722e-6,4.4241429087354295e-6,0.005116546991093992,0.004219294727360995
0.00010713637700002417,3.5606783370215434e-5,0.00010428125516823931,0.0002787293723645204
8.742238246408135e-6,1.9626704350894407e-5,0.010277857129252436,0.0015882721761284304
1.110757410501949e-7,0.000951515635806414,4.733418364552501e-5,0.0256391759966959
1.0198090163897903e-5,0.0002097596198161517,0.014978893415236207,0.03413100205307522
8.342414689374272e-7,5.387543461947423e-6,0.0014207654938688471,0.0007938917713015338
2.2593245713124487e-8,1.26732299888687e-6,0.00020175501224490146,0.0019145822610278191
9.115415716789675e-8,0.0008331743993630627,0.004398045915451188,0.0004983321094233346
0.00023795146609940598,9.732611875761373e-6,0.00027003360635094947,0.00103450161178968
3.6879349864637557e-5,5.132223068717571e-5,2.2949218659660802e-5,0.030576694335251398
5.036816218138806e-6,3.321652668204355e-6,0.00012919485383800197,0.00022774309432470487
2.269281027213355e-8,7.049428702484685e-5,3.256563639918347e-5,0.002562677446049993
6.019252246025862e-5,1.104977942331814e-6,1.4136625430690774e-5,3.668793323872489e-5
1.4746537340668938e-7,7.2408111377375635e-6,0.0024445559750563613,0.0014568974320044448
1.468590942275205e-7,7.522357050912666e-5,2.35673169878722e-5,0.043683686122485584
1.916834025774942e-5,3.6357195504310675e-6,0.0020252603756151758,0.0010847798709266664
3.228429342710178e-6,2.2259356789135062e-5,3.696129320313456e-5,0.010694627344542818
2.740405216009949e-7,8.733628543088572e-5,0.03556068541472459,0.07685137132107087
0.00010727563273459983,0.0021525384026134095,3.803342866827117e-6,0.0034627326905306076
1.158485264808591e-7,1.2530705939663144e-5,0.016638310187377405,0.06293015888725881
2.0293181204456637e-6,2.38639134759258e-6,0.0002355310656395285,0.06345586587423158
2.5359871852410393e-6,3.0525602051574467e-6,0.0005164675646247847,0.01714259494057813
2.5807465331775654e-5,1.8203556958259093e-6,8.87827430983516e-6,0.0009559757614994759
3.5947485983665535e-5,1.296747081261835e-6,7.029533147468902e-6,0.00012182054976151437
5.2351156834647936e-6,5.198263035629001e-7,0.002395063722241141,0.000846346539774768
0.0004099968380671329,3.8664550456557676e-5,4.099205168837046e-5,0.027775494400842107
9.071237976258014e-7,6.920663817710592e-7,7.655934915100033e-5,0.21081637174625628
5.935912080909618e-8,3.357705738716673e-6,0.0011599269957190497,0.00018127837050645513
7.912738269198501e-5,0.0007686742136518061,0.012496966277016864,0.0008768161997191381
2.9826147187835502e-6,4.315791819316274e-6,0.00044294927849497897,0.009491358716536497
5.5140011493463415e-6,0.00010235716467128821,4.673312887688162e-6,0.006488783378663475
9.58281014302097e-7,3.004173311895815e-6,0.00027212412140600965,0.007810332266472081
1.74513068723093e-5,1.0409687323436073e-6,0.01904716767840015,0.0010374581154208868
7.540814081651518e-7,0.00014922921118341629,0.00040432223512482205,0.0019508846239064822
1.9542467868171204e-7,0.005352072263294861,3.9808879460469506e-5,0.00025557596788740176
0.00021949681215708273,0.00044465164049459276,5.5125171124757165e-5,0.17382473078157362
3.773242595162976e-6,3.7538014819979773e-7,0.06049723931652443,0.006489008629932816
1.0170794728137482e-7,5.444267620064449e-6,6.08930064622065e-6,0.0008500303999095496
2.6431748030720555e-6,2.656506896080284e-6,0.0017694398393485336,6.694535984962913e-5
1.5354152296525474e-7,0.00021790389440427667,2.9774433639927562e-5,0.00041995611709269814
5.093247215318608e-5,8.858921669965443e-7,0.002087471472503313,0.059806686060887765
5.653566706911941e-5,0.0001031062316070874,0.003860125862299401,9.658145751992066e-5
2.2936693833423923e-7,0.00010147326474210672,0.0026720365360790744,0.010957389161876491
6.1276277493275385e-6,1.4256172350185746e-5,0.002455053758652551,0.0013362312146550542
4.092716841959569e-8,0.0016205299766687024,0.002162210259837017,0.000302948862207397
6.1094669615429935e-6,2.2794739164208576e-5,0.0004828863214736729,0.08872670871984079
6.802836984760471e-7,6.407001123876873e-6,0.017755907953272122,0.003270004379432004
9.36268638211537e-7,0.00014704441136899357,0.00045566447449606824,0.00013557576000338626
2.9589928368889988e-8,7.299231525617859e-6,0.0007263541374403924,0.005207732435304867
5.18811307651726e-7,6.371729741811199e-5,4.523270825388752e-5,0.010765539015275945
1.8761921993821003e-6,5.781355137933963e-6,0.00019292159148871665,0.0003889045326064704
5.7077788542344e-5,0.001740132434840891,0.031217038998886604,0.6463806561422376
3.526980162560138e-6,3.5101355254911437e-6,0.00018694969897947088,0.00017191793939968814
9.604449797741086e-6,0.00046904303557143435,0.002672515679570213,0.0007464727117850751
9.33974187132687e-8,1.513501352967362e-5,0.0029988247750520215,3.92581136184687e-5
3.295708363343775e-6,1.8317005572990604e-5,0.00023934186277403522,0.0027688646974647177
0.0025369119834374658,3.544119120914997e-6,3.797451232807467e-5,0.005060087033990927
2.561225365895032e-7,6.871436318645502e-6,0.00021520782887609547,0.001993426295498118
5.345290657206087e-5,0.0005905003327818637,5.385131695640541e-5,0.0036238966148412727
1.5350379149743652e-7,9.058037564923683e-5,2.8663823731350677e-5,0.07698616429670764
5.250301445718524e-6,0.00017671843777850106,2.034472636198107e-6,0.003629603842429307
8.559514239289333e-6,0.0030228706590844706,0.006883502582686417,0.00019028868236729482
6.876300989305596e-7,1.65331702823199e-5,0.08443481874419438,0.004990110485011234
9.449636208702357e-6,7.886973241734072e-5,2.3817889570797635e-5,0.008077570539341087
1.1509638302169424e-6,3.458474731820689e-6,0.000376138645977608,0.13112118297046865
1.1467540557887396e-6,0.00014766870957165086,0.0033746916052740075,0.007463461648525405
6.284155391436086e-5,3.167313732145668e-5,0.00018916893319417618,0.00022233360466089813
2.139020580481763e-7,2.1257266831000432e-6,1.2888451732341493e-5,0.6526331238452897
3.212068151248731e-5,0.0005401212449024608,0.0011905340941562445,0.1988321882133857
9.821248961765879e-8,7.042685034183625e-6,0.0013294242409775002,0.002244023484561263
2.933455797480792e-7,8.967438504825977e-6,0.11478000764359633,0.003794831174366775
2.71367438364564e-5,0.00011977504780813128,5.8409091132232704e-5,0.08044160119734003
5.302669255279824e-5,1.3140573759470471e-6,0.00020550547705902575,0.013061859454349227
1.2940361993055458e-7,0.000642176830991677,0.020734674497495217,0.09605563333115508
1.1927515075868545e-6,9.376680002286125e-7,0.00015872205538410044,0.00045082925750475545
1.2377777729698385e-5,4.906130169728676e-6,2.3083896656994726e-5,0.003976521404124208
6.340048953664861e-6,2.743382576233476e-5,0.0009849690408048834,0.018477488837904295
1.1092110730613332e-7,7.500357867014012e-6,1.2288875547511076e-5,0.00012868549449156626
1.514418532107727e-7,2.5074730907387796e-5,0.0016849843008330402,0.0030226145507481206
1.5369397401686705e-6,1.6075552105396119e-6,0.00016963388166450145,0.000319599415717689
6.864887822466026e-6,1.7889595187399614e-5,0.00027768584830523054,0.0018233827391751702
0.00046106951707557044,2.581089179949499e-5,0.0003013066937507782,0.0006689920327661617
4.772797223136738e-6,1.72185875924284e-5,0.0015227162526921974,0.048348388888439474
8.028434617378403e-7,1.3170857726014408e-5,0.0010241179358480843,0.0005631232580979047
7.372648506709363e-7,0.000737090688618231,0.0005583830247025677,0.0531177020886178
9.419171079411844e-5,0.00012988610000428058,0.007026939271031796,0.1189223440719346
9.073197201998303e-5,1.5626423830647624e-6,7.810200145389304e-5,0.0043779446273914295
0.0005912202371228875,0.00028776231627983837,0.0008814554081313281,0.165198875323248
1.8171641903166613e-5,7.428276998913208e-6,0.0014134159521684223,0.004184855273155217
2.587463641791657e-7,3.470972194907352e-5,0.0009377577413821353,0.001294979114716059
3.7161656937989677e-6,0.0001476881202739682,1.1738489748765199e-5,0.3560045988352539
2.953378949745752e-7,0.005519220226785142,5.018995201332785e-5,0.003486475080057202
1.846991069464676e-6,0.0003079913433493783,1.4132167715541104e-5,0.00021046722828717865
0.00010235326830909756,4.9278376176005735e-6,0.007510172175451913,0.008890190797915974
1.1589084134977555e-6,8.344266805703773e-7,0.0009295710894358868,6.269612498889743e-5
1.8973978591298436e-6,2.42570969479801e-7,0.0001850672896982861,0.027712759401490705
1.4848561844256358e-5,0.0013068729197006621,0.00021535345258421844,0.0001329209470824857
8.368680164572192e-6,0.00010817580572682888,0.00013640839516402764,0.008426470350422833
0.024816383747312296,0.00017347343190293735,0.0020357413978786816,0.0007417629422113584
1.0959450516984411e-7,2.2217874432475604e-5,0.00519855466585297,2.8686467261438095e-5
1.0893712385480644e-6,2.3080402967893892e-5,1.5817412099911105e-5,1.587638515405266e-5
6.124950601019535e-7,8.002324351082546e-6,0.0019034967003550393,0.0002602799217906125
2.5715046608705574e-6,4.7728877102027395e-5,3.4423930183726464e-5,8.579752348000983e-5
2.908634118918845e-5,0.00023576500403898345,0.004204214579291573,0.00012285331198142127
2.8642149623659956e-7,1.252575953136495e-5,5.275149602990895e-7,0.0374976928348417
1.643762309711566e-7,8.817136028392044e-6,1.3482005389756479e-5,0.0003410957101528004
8.941335159603464e-8,6.102932375661656e-6,8.765938447152098e-5,0.06460827013273952
0.00010244570228266888,0.002471968257510094,0.00040732698058226215,0.00010886812266028456
7.966559634773879e-7,7.167760839456316e-5,0.0009513644353103262,0.00047133434359470045
1.68920581953069e-6,5.734280339335779e-7,0.014930806943899033,0.00022329479991464238
3.228704279545407e-6,2.2094900151964278e-5,0.0027798879836083124,0.0037268987497041926
1.0094963150541844e-6,9.270443037415603e-5,8.914558932745325e-5,0.0007363529486603174
4.374166955518427e-6,8.517541113393323e-7,0.0008412010367838415,0.002242415443817702
5.935586228207004e-5,8.11311668738261e-7,4.583017460800436e-5,0.31891416653389754
1.7865821754966125e-6,4.1583138042160225e-7,0.00013902526455019472,0.12265969043207361
6.879777631417114e-8,2.768983536982576e-5,0.0006428713468902243,0.00016908507620654124
1.129962182332499e-6,2.2808435778742596e-7,0.0004713284865408914,0.002408329954804543
1.9314791951489928e-6,0.009023500431169175,0.0015842594072609888,0.00016739264814139387
1.0708636892275324e-6,0.0012688189656273245,0.003319523524920065,0.00015296138546441154
4.995642211546387e-6,9.375992392648536e-5,0.00031786489441012024,0.02073755104944015
6.269577693728931e-8,2.236124216451029e-6,0.0007179384204280942,0.03769918920106391
4.20826328853299e-6,1.7086277007296074e-5,0.00033710141447211534,0.001558414830912396
5.181419378031156e-7,0.00011542795385081869,0.0002729960258909576,0.0006744025934806041
3.8438619705914284e-7,6.1493707959273e-7,7.580372164437835e-6,0.002900655538655481
4.05084076614307e-7,0.000131287782704903,0.0012601795043607866,0.00021056548372546676
7.867254943839243e-7,7.814102802429137e-5,0.001335760327083689,0.022584170991168558
6.79427879428073e-7,1.1732540519935887e-5,0.0237527388591036,0.006849280071056026
7.502576533835849e-7,5.6238948876222346e-5,0.0007528565022932111,0.15912482975948686
7.999539098427337e-7,3.945644638478124e-6,0.00013101629659277483,0.0026638627131623867
1.0401719105270433e-5,0.02604338634951698,0.0019607082050449513,0.036681240723154346
1.4623151092726345e-6,1.3979370721264654e-6,0.0007730504722639568,0.00031320517149111655
6.684838648009247e-5,0.0039773739483849905,0.0003375649434291572,0.02677596066291053
4.2734679915264745e-6,1.4164733780531584e-7,0.0003434030101459642,0.058738024932496344
8.107874231329287e-6,1.5068192902464476e-5,2.714373803600815e-5,2.4970723079576188e-5
2.6746374355451594e-6,1.3190184197804573e-5,0.0009682610441114611,0.1063866272739352
3.4785571074671755e-6,1.0587668019345935e-5,0.0006140368412789569,0.001003308460499738
4.565523840420349e-6,0.000735847141824593,0.0008601750605126568,0.010818644443086653
8.746341580417125e-6,0.0003177116442962295,0.0011945544280396966,0.0037553300739366457
5.853953765026701e-7,0.004546810697418585,3.92943861200217e-5,4.747842136530001e-6
1.3713331383200824e-7,0.004474816872380073,0.000712033058283784,0.0006152687053366542
6.156089958853209e-6,1.876413182502104e-5,0.0006209865192085621,0.060830286769287964
2.2039441115004396e-6,0.00021127831413725028,0.00024989310730061767,0.02669660389676284
1.3805478259460961e-6,0.0006116496195943738,2.296373322540962e-5,0.0013184671331405193
6.043085542570554e-6,3.6116704812127396e-6,0.0005685433131241362,0.00014209693218207454
7.180390256086093e-6,4.10949174013475e-6,1.4792788622880967e-5,0.00029118987268043147
9.39281909189228e-5,0.0004575896563239748,0.00013449455818533907,5.7277331419173024e-5
1.0747640351083628e-6,8.809827266655238e-7,8.95397150132293e-5,0.0006103697111304178
4.637866210216144e-7,8.081215587383842e-7,0.00048680684056873305,0.007717957559495063
1.5683775555257923e-7,0.0003275406722187016,2.8283850105304497e-5,0.07317015308620689
8.318134440435668e-7,1.3333087388113826e-5,0.0013109706013750754,0.07345656217183584
4.527129705639224e-5,9.209019664713848e-6,0.0006266667025478332,0.019811543813046135
2.1459216802708367e-5,1.3421824814012487e-6,0.0060564187490256376,7.077047669424475e-5
5.48687809042204e-5,1.0222701595724495e-5,0.00028725245236105063,0.0001556907691264461
1.223032898019988e-7,7.017862028476957e-6,0.02247927345038362,0.00153360973827536
9.917480072961538e-5,0.0029685634030548976,0.00014701371011691005,0.0010456522545554824
1.28283392381585e-5,3.708134305983517e-5,0.0005028075468151027,0.028938492802690372
4.3020706934306095e-5,4.643973946074897e-5,0.0010087819532315534,0.00953415627054253
2.6210711332638463e-7,2.682517495852783e-6,0.012321279408911298,0.01561963868262394
2.9239973728986026e-8,8.35984386179191e-5,1.9709295295396107e-5,0.009583453415022994
0.006834586628643023,1.5879381974831605e-5,1.1323070923021526e-5,0.002185853718599656
5.953823119467362e-7,0.0005634416782435231,2.853377937061609e-6,0.0016089001002206975
1.9831923986026674e-6,5.661132303685223e-5,0.0004524027875618142,0.0001732734982911778
8.73554552778773e-7,0.0018348378722888982,0.00023653735212106233,0.0006066791060423526
2.588016864057805e-7,0.001491987964272296,0.00019702951677032536,0.0021075220447645195
3.797726183841469e-6,0.007492824264407729,0.010998414765721942,0.0015762257041400227
1.8181690984693523e-6,7.362800425639361e-5,0.0009934940162100304,0.00010492135729010261
1.3707681774531678e-5,1.0877888346747947e-6,8.19048464424096e-6,0.008722068811088397
1.8496115998190085e-7,0.00030957150824839424,1.3294862260656019e-5,0.00020734433677234386
9.902122269396295e-7,1.0059273465696925e-5,0.012752249895633614,0.01670681246516361
1.1500613450180463e-6,2.2917719266322322e-7,0.0023564062080650584,0.08216636726600317
4.8040658094734925e-6,6.0316360438832105e-5,0.0016127958029528472,0.07528674457883348
6.990319161880019e-6,4.303205821489149e-5,0.0011712956302579658,0.002984236862809944
5.260346136857747e-8,1.0189457209442649e-6,0.0001472549222763438,0.003487598351989149
2.911080981061412e-6,6.985959775055032e-5,6.415139315693895e-5,0.015455345941434316
9.841560209215908e-6,6.0858380943670034e-5,6.561098596945135e-5,0.0002519387122070716
0.0004615736905130509,3.0389817826716952e-6,0.00019725172311595767,9.176504201720929e-5
0.0003789960857194981,7.980710469133705e-5,0.0007321924234401004,0.020161537019336515
4.59323443078016e-6,0.0005929918157692881,0.0072708167417560934,0.00010414409789412453
3.0451771656530114e-5,6.179789841267402e-7,0.006548571899296376,0.3041961883836615
2.5962603692786604e-6,0.0026147599592738695,0.003927302141401447,0.002134264463499837
3.5475300399197216e-6,0.0003215440131904113,0.000132657795246853,0.0037187374159942236
0.0007969753100028829,8.20978257003707e-7,0.0003271837473874678,0.001256805237308267
6.671789592871363e-7,1.1887746569774342e-6,0.002257425456551162,0.02382695695171148
2.685769533460233e-6,0.0029274112398606027,0.00023318778962216064,0.10704849884281945
9.510002871339868e-8,7.95840168053531e-6,2.3790553843089803e-5,0.0005972375682565573
1.4197312366574085e-6,0.00019737595808210675,0.0002896541603435113,0.0018527710544708038
0.0006660003945486477,0.00165772489576157,0.013929668023396843,0.13049756299923143
7.648568120376265e-7,6.762604500682841e-6,5.076158937160424e-5,0.02249300144159225
2.9699058115539434e-7,0.0001716197433069875,0.010083354552403709,5.150063983123272e-5
2.1855542567672174e-6,8.211973545434297e-5,1.6786408042709045e-6,0.0019150100634615576
7.241750754410296e-7,1.9021088860970407e-5,0.000599325299343193,0.04466920880425366
8.0966778403009e-6,9.840625684826147e-6,0.00019876566264469985,0.0003013656093194961
5.4709477667811e-7,9.717647083354903e-5,5.8026360228423564e-5,0.03202157866798857
1.185900306279148e-6,1.4145889256782129e-5,0.001663607927464315,0.0005147064327904677
7.65745508896135e-8,4.098840196741439e-5,0.002010982618880749,0.008301888455007221
0.00014623348730942996,7.122682681974258e-5,9.361841031821797e-6,0.000254130955040336
9.427475869445128e-6,3.8998416928785455e-7,8.610826072520893e-6,7.46471947799123e-5
1.7617858519530373e-6,4.081953020216203e-6,2.3533338907530535e-5,0.009800237884060774
2.665389822213486e-7,9.912976060564142e-6,6.359030121878962e-5,0.0028275825439006965
6.207857819397373e-6,3.378354602183756e-5,3.8372614405968307e-5,0.019840451622827892
2.7554474091394744e-5,1.455895374145582e-5,1.0192522809751e-5,0.03565614607131037
2.595936936165267e-6,0.0005350721566274542,0.0003379799767721185,0.0009167773550793964
8.656392743591726e-6,3.6774416884386375e-6,0.0012992115284855203,0.0019808225789436184
3.196047706571598e-7,3.5068400373133246e-7,0.0017279943491102573,0.0066198752885651396
2.3863907820786863e-6,8.394639250648942e-6,4.2909334455540146e-6,0.0029322984871202012
8.67942247605014e-5,5.206055146070314e-7,0.0007722872295673816,0.030366558418004046
3.655830128345239e-7,2.8173352824197633e-5,0.000497784020427224,0.010720633531345955
5.9434032363674275e-5,7.227107087299223e-6,0.00010784946729493379,0.004631500963760989
0.00010434718452807683,1.3380731904428628e-5,0.010049689395465959,0.0007059681611642188
5.49919365039978e-7,6.516102199884981e-5,5.688415126803214e-5,0.007853686151380417
6.502260405437095e-6,4.893397425548291e-6,0.002547429486757066,0.006197305557851681
1.792236543844456e-6,5.199701619429223e-5,5.012874278645746e-5,0.0003415384708397448
3.3176179229127164e-7,2.8919373830830016e-6,0.0008969032603388849,0.014349156756508939
1.6652763255522879e-6,9.255571726172843e-5,8.545575744678272e-6,0.0016177209500391396
3.988501301492421e-6,0.012737293271328904,1.1769017758541432e-5,0.009772279035644574
1.981393082031302e-7,6.983584083564041e-6,1.935592901725699e-5,0.0005547042588271816
2.1803316699734418e-5,5.7363590213617996e-5,4.701898629357049e-5,0.023239824322147166
1.164228842887826e-5,0.00022299149305180521,0.016854053936557593,0.00029988215714133853
0.00036646125078492294,7.096042760258946e-5,0.0005269653540804803,0.00015376665595320785
0.00011178700118902536,1.917057466152636e-5,0.00013294450198964326,0.0021508970517413266
5.539823209314657e-6,4.285267511692631e-6,0.0015127222174414405,0.03874183177909586
3.67201534075718e-7,0.00044534745126391904,5.503549860030304e-5,0.05327120683585531
6.248460675002566e-6,7.286103104649737e-6,1.4692869164112903e-5,0.013425207178126293
5.716537443266584e-5,0.02646889789862833,1.4555318074361084e-5,9.401966958852025e-5
1.2916020837475425e-6,2.7377856224822955e-7,0.0012436800222347466,0.00012410792304788269
4.8426637400894285e-6,7.682394032658964e-6,0.0032583222037447126,0.00043607810391146
5.04276704916481e-7,0.0007207409443735891,0.001753516105846652,0.014953710454424547
7.331456664881707e-7,1.170109319342262e-5,0.0007216962976217882,0.08929709232122901
0.00010276716399503953,2.444410959980547e-5,0.006369432454890781,0.0652491997829169
7.676346847481394e-6,0.00020157142515980558,3.210033127865394e-5,0.03743328612035822
1.2987318651731124e-6,6.053630596285577e-6,6.595967671986372e-5,8.997051960895728e-5
3.3707672502089723e-6,1.620509611818566e-5,6.080634381842747e-6,0.000653005216385381
7.272246138949318e-5,4.061157170284193e-7,0.011230652609798648,3.028995940007893e-5
3.1574546250838006e-5,2.064438175537086e-5,4.9414976139160217e-5,0.00022538044169917684
9.809474455765786e-7,0.0019886243130414253,0.00025819003834483305,0.15994647154444125
2.8600845771920713e-6,6.373071106312417e-6,3.402671005919795e-6,0.028513084456888934
1.8447681201096085e-5,0.0010856124603163004,0.00010907704314173984,0.0005952834751328202
5.63001474249238e-7,3.873731839726198e-5,0.0009866384823219798,0.3852014391647561
7.942463369406387e-8,0.00019879577235349958,0.002003748091990515,6.58857308134767e-5
1.979634266222795e-7,0.000119631504141837,0.0001084073620346443,1.1159508789227832e-6
1.9322387841467598e-7,3.158585056846268e-5,0.00012385840741022697,0.00800933416694973
1.098251373441829e-6,2.9021612912520605e-5,9.052069376007817e-5,0.03363253250324962
7.716444376227166e-6,1.6842678004763192e-6,2.9846077940960458e-6,0.0003925064687479319
0.0005844698228472865,1.0321754084010214e-6,1.1737420225628327e-5,6.130488595660306e-7
1.3214988531752479e-6,0.002738786141319855,2.0528410090249493e-5,0.002878663724518034
2.48920966855749e-5,4.371211372081371e-5,1.0840271648994705e-5,0.00019713057765911545
3.6098228952416952e-6,4.247363822248045e-5,0.001268768216973467,1.639588041204491e-5
3.3139648079908497e-6,7.236854770334749e-6,0.0020476679526163343,0.001660863540677124
2.6507814958192206e-6,7.142005334536918e-6,1.012177194728566e-5,0.04327310492702635
6.1330829782661535e-6,5.0785546815841646e-5,3.1631212888710745e-5,0.07315575036231724
2.8104471843599868e-6,0.0013839194188695872,1.3320473001972936e-5,0.02548821231506834
1.6502301416544215e-6,0.007247058443649038,0.002610999155527979,0.0010724879614300022
2.4867620630054674e-5,0.0006782752901637347,5.412727970580995e-6,0.025881757371387044
5.004615961428369e-7,0.00014556928187873603,0.00029705359718040097,0.06197806288203784
0.00030620572840662813,3.337436830944145e-5,0.004554111600334757,0.042188425486783976
3.774626884733095e-5,0.0031914430328776984,5.735793015410654e-5,9.360662158773328e-5
1.7791589106348528e-6,0.00021943346848004276,1.2459654239962146e-6,0.009614292588728231
0.0019150302474756464,0.000169552667096517,0.0014172398706341581,0.029675461945677068
4.4515165813804754e-5,0.02486226418563777,1.569639144255262e-6,0.004161585370070583
4.402851507332288e-5,4.5323257881152426e-5,0.0016604958968513997,0.3971691211818193
2.6070825444728033e-7,1.1269818933021024e-5,0.008450708794199412,0.028207167210252324
8.521273065263849e-5,0.0003049759482856911,4.1160887868825206e-5,0.002695887655827899
7.635889036504627e-7,6.733586448214686e-6,4.433298326974511e-5,0.00013190131313733295
1.4584658056154415e-6,0.00033569366598517074,0.004137493656250215,0.03659067951400817
7.56804917166761e-6,3.9653319650083795e-6,0.0024957050654370377,0.00020059574723760648
7.438255293432181e-6,6.83674194371175e-6,8.84086226411623e-5,0.00017282487384142294
1.8882827903253043e-5,0.00013488128717858294,0.003908098525401054,0.00028482300962024223
1.3316235816647895e-5,0.001790434391049357,0.003625607766637969,4.456244414535654e-5
1.3964854045993305e-6,0.00019656183578557277,0.0005952915551020586,0.012088774278789221
9.876444450005329e-8,0.001613893620747918,0.0019192517127447927,0.000960413377800601
4.020856296295561e-7,0.0007007224516329292,0.005117513905671949,0.010944805716221312
5.004873912822614e-6,0.001473584173903878,0.0013894277000003259,0.0002241950468804404
1.4187107065107386e-7,0.00014807213152123524,0.0004214834668561159,0.0008112410121177944
1.1263266178530397e-6,2.258347700270127e-5,0.00020213693196698062,0.021263400835838782
2.6059985820417184e-7,0.014105742200144248,0.0024712023505846243,0.013147892224461943
1.0582641056720568e-7,1.0348734969958156e-5,0.00019874180689873742,0.0140645246051899
8.249253647075188e-8,6.618626049208074e-6,0.016348942507843158,0.0030046200688089845
8.137076816436988e-8,3.762874059324551e-6,0.000245302542777202,0.042355383571393054
2.618003083623332e-6,1.492047066685026e-7,0.01745173356766776,0.0022871622964386984
1.2139047265465603e-5,0.0015370599519744627,2.449235932348365e-5,5.26449136384165e-5
5.996898244816186e-6,0.00011419182171878322,0.00021466713591759877,9.607417079975254e-6
2.6710100690167013e-6,5.667773379826149e-6,2.3089792749730663e-5,0.0008263484358757832
2.589327051480528e-5,3.9798515538899054e-5,0.0013309433406464874,0.14759558742190962
3.4159426650531973e-7,0.001225506690036273,0.007287692355907236,0.1250106383570448
2.8780944794771056e-5,3.345260553135996e-7,0.0008535385285862286,0.17309202492439973
2.0575186046273546e-5,0.00011161572038585039,0.00024167353762172703,0.013936295728836905
1.6107807622662078e-6,2.9694683705413e-5,0.00018819759958623648,0.02956384866893224
7.376022921457504e-8,3.303919528819164e-5,0.0003987328758767593,0.014544872504450895
7.712445337307224e-6,9.781204277995363e-5,0.00277323015296406,1.7972607106084514e-5
7.128544737176854e-7,2.545050100096772e-7,0.00022216441404273628,0.007305982794607188
1.6905491244998772e-6,0.000664828758309294,0.010859897787328604,0.003139029075266779
7.802125085178883e-7,6.808003810639349e-7,0.00039703248416977894,0.0010628217872537893
1.8316931026318569e-6,0.00013609524762128673,0.0006583621065536106,0.005392671877546139
2.162164364752625e-6,0.000619545676459701,0.00025373533751547504,0.0006834474472243541
1.613379583873463e-7,0.0021161276897637936,0.007109512280599196,0.005169805527389246
2.9161783246530047e-6,2.0237624461653035e-6,1.517412593349857e-5,0.0011710197633690023
0.000125981524694918,2.845565605904871e-5,3.299193557674723e-5,0.0009185057980690803
9.606862864183914e-8,2.4544128409506096e-5,1.3465796970807823e-5,6.382626957660394e-6
1.949596188420913e-6,5.244041413550977e-6,7.62830067141265e-5,0.0919357878595765
4.040274293218606e-7,3.2297927291976365e-5,5.9010186524692006e-5,0.001213320515327895
5.725991906888421e-5,1.8722859939961306e-5,0.0004192918005608615,0.4864032972785799
9.859856713077173e-7,3.623372771959187e-6,0.0013693553192460552,0.002006990760738873
1.0355200143650928e-5,0.00038243604868489763,0.0006012754454977565,0.02682869896793702
0.0005197234384472108,3.314340911330662e-6,3.817056518367382e-5,0.011951405829014685
0.00013395091124349055,2.8459342486905267e-5,0.0008267901218964836,0.00020833853145887623
1.2114044533481652e-6,0.0004040367305743203,1.889059332836421e-6,0.01633094601397337
8.881028608243525e-8,0.0019947908571397973,0.03748174560576222,0.035870961205958424
0.00033344635501293636,0.0018038616207809671,0.24319281100083892,0.0005624220418856887
1.3772975397985215e-6,0.021946079917449273,3.626387895082641e-5,0.004406396120664865
3.2775484599395786e-7,0.0009794727660416465,2.5004559491601374e-5,3.844431169855468e-5
5.6469284941573555e-5,0.0007208809457076791,0.00320437809043188,8.696159438258053e-5
2.688318077678384e-7,6.124977622057752e-7,0.0010587696210909753,0.001961417446074506
1.2980353746691062e-6,0.00238771689526809,0.0023423892383765384,3.465160085846959e-5
1.0302857102072881e-5,3.908958940241884e-5,0.021014539366939006,0.0003310224956918739
3.9277951284672836e-7,2.3425527534254066e-5,0.0002943978196819387,0.0013043300501887265
3.538125532219799e-5,4.164939224755091e-7,0.0006636847090649177,0.00036727691379875914
4.313747473537411e-6,9.546921274840219e-5,2.3328360292185356e-5,0.0019251616005378858
1.603849440967631e-5,1.196140897356713e-5,2.9961275321045915e-6,0.07404402669279408
2.198537074690116e-6,6.908381210693465e-5,8.492261995543734e-5,0.0018912387590760355
0.00010056023920558882,1.1436902633506525e-5,0.007831710209045554,0.0007281433814120639
3.844941609726047e-6,9.769892330307004e-6,0.0026627643559214943,0.0021203724189898625
4.305264077825253e-5,5.524744755843337e-7,1.632655946327491e-5,0.0030023057012987173
4.038825371980852e-5,2.608158557145814e-6,0.00022427749764844133,0.02414957181921618
1.7834590941734183e-7,0.00014239887965800872,0.0012045265176354725,0.1570091025398588
2.9351141640017737e-7,4.172461098038049e-6,3.393454914276635e-5,0.0014940524162427283
0.00016123592719211307,4.183438098766206e-6,0.00032452770416342073,0.0006274693322517897
2.354903175512215e-6,8.912667117027682e-7,0.0004906873371911214,0.08479791233234553
8.549612857976695e-5,8.96302403296446e-6,1.3080204881663765e-5,0.0010370822979662397
0.013265123584880552,5.553120439063562e-7,0.001930905519618884,0.006010622814787061
4.3404217275046645e-6,0.00012044768963775834,0.001277063619332194,0.0035757178237783445
3.109022923169154e-7,8.20980189414978e-7,0.002949842244688926,0.345655875324589
1.471871036276059e-5,5.244428352137478e-5,0.0005879107820352898,0.06127039960693955
4.6385613919710896e-6,1.4354328118464036e-5,0.0033072592588210417,0.00015131851677601852
6.687034960744951e-7,1.5171154465905894e-5,0.0005654084955697293,0.022060831112443644
2.525229838753978e-5,0.00034153257997265684,4.796982024952358e-5,0.01670507707785266
9.287666930645897e-6,6.254081521230373e-6,0.0005557336445000192,0.01584464016513245
0.0003184442960790185,5.045792592472453e-5,9.67195856518804e-5,0.003968619863109385
4.02820987926825e-5,8.661988082937287e-6,0.0021700523213215527,3.780652616535299e-5
9.127133845512502e-6,1.0985495336154978e-5,0.00010204858340704432,3.339072126756039e-5
2.8955127661633554e-6,6.1600151302262475e-6,0.05408723649830806,2.66016925575275e-5
3.6254528753540493e-6,1.3393171006129049e-5,0.0007973771715677358,0.0003614255157027128
4.481990511196789e-7,3.30341664947435e-6,0.00039756333233377,0.09663564648124848
3.312695829851237e-5,8.459394140842297e-7,0.0019012894909254422,0.021446364889117348
3.254248968443455e-8,2.0158587238432444e-5,0.0027864453108230615,0.003158304733786914
0.000580277624742499,4.4744805382268015e-5,0.0014099198135797135,0.00322103450501238
5.414958127077318e-7,0.00266334775129109,0.003974390216320149,0.00947217292891326
2.7923738706564607e-5,0.0006459289724959726,0.0002764242626525693,0.0017637615028500318
6.304147144149523e-7,1.6104008438189638e-5,5.174727259692018e-5,0.005468880929026142
4.0635936707119913e-7,7.692396537749511e-7,9.761644460078644e-5,0.00035336412905761773
0.0018291954832597936,0.0007667513541460281,0.00014275667751782547,0.04579058933773995
3.1034537173711933e-6,0.0005008623537610645,0.0005981463319389129,0.0024920869468184536
7.979501766933841e-5,5.603300571935289e-5,9.941956240210096e-6,0.011887520585865428
1.0537421179572863e-5,2.1311262539180618e-5,6.036625622126481e-5,9.299110365910684e-5
5.67914038927228e-6,9.556608410766296e-5,0.006577536739043721,0.011869178796112491
1.2794322242319283e-5,6.723811703505403e-5,0.0012123350564685075,0.10134386443681596
4.165483131085674e-7,1.5421549151537946e-6,0.0014940532378258137,0.0003567620234817623
7.342569516227285e-7,0.00022561738744971985,3.793313206943177e-5,0.00031374092111808487
1.2026317170483574e-7,5.198687961106434e-6,1.0811031275728298e-5,0.09980048015088101
1.4296703435547811e-6,3.5340828717463166e-5,1.232334484805038e-5,0.040798676877786794
1.1594557423480524e-6,9.847537920347882e-5,0.014120249738781092,0.019891988132986416
1.1542671204272666e-6,7.398547177525902e-6,3.640324328645505e-5,0.001217208367634749
1.9353573486779313e-6,8.155120924832053e-6,0.00022838540885861087,0.03161687787581473
1.1006748699657377e-5,1.6653017734475107e-5,0.004177311832973738,0.001048314453952402
2.384703604592635e-7,4.421411637109718e-5,1.0349689120006652e-5,0.00010375024642838443
2.9294988487610355e-6,0.00043688701153846095,5.409825834293078e-5,0.0006731096103095806
9.648699357272021e-6,2.4355113001685415e-6,0.0038782008652199626,0.0064954766364160536
1.4429771896807012e-6,2.08402273650688e-5,0.0007252130999635698,0.0019582696348963017
5.097943417391214e-6,0.034803977873662094,0.0038079485071851903,0.0006128189391215984
2.046603053870574e-7,3.7046928686975226e-6,0.00010165851853796225,1.7372658109287117e-5
1.0803265985715412e-5,1.5611101117257854e-5,0.0071098400850773775,0.06254127353467698
4.673493480634662e-5,1.4346092435397191e-5,0.0008209123385418142,0.06325864064195723
6.105038722349099e-7,8.180955482173864e-5,8.987563757375368e-5,0.09980735981259442
7.706605822203729e-6,9.244376598430673e-6,3.2860975753649605e-5,0.00022170732285026437
5.575509116313822e-7,5.367353116872838e-7,0.01128478825721799,0.01182673930323008
7.3519466413196024e-6,0.0001270569263064924,0.0012740738050301423,0.013162423381917638
2.6381129761182145e-7,1.74041271581831e-5,0.0006049482639031276,0.021072260066299583
1.4493663022127003e-6,4.58383301558002e-6,0.0006584592716865097,0.00817345662376942
6.991161630511451e-7,0.0011280237413871016,0.010420462991061587,0.0008862728485345932
2.0616974016303855e-6,0.00028693824399313926,0.0003098992016093113,2.7024729145492828e-5
4.627720596385322e-6,7.227896444718022e-6,0.00013925357791781036,0.011807832666032494
0.00029377049396868627,0.0008182825501938727,0.0037026623298772425,0.018674326583233702
6.0235062276016355e-6,9.146105706779281e-7,0.012133469727355723,0.012355150348749264
4.2229588502838565e-6,3.1143474917326543e-6,3.637960959411187e-5,0.06059170278439256
5.755333393592942e-7,2.1224065086673253e-5,0.00034881336891940914,0.0002140406718485066
0.0004565032647311239,5.952166838436833e-7,8.471000362399694e-5,0.014526842826146101
1.847629436025777e-6,1.2874455849097341e-5,0.0003587098673223485,0.00039006473195971243
2.8433844032710837e-7,3.855351198477269e-6,3.848761509113058e-5,0.025129286708856998
3.7505339555413464e-5,2.0781271072990096e-6,0.00021225553551272518,0.010924922831858403
3.6651786122950156e-6,4.720713883668063e-5,0.0007422700927314597,0.026096544227880002
4.8871981299386504e-6,0.00015968254942200444,7.324370332510802e-5,0.20029224391214956
0.00034390491706722914,2.512134475705997e-6,0.00031050173052816826,0.0013427376359820887
2.529055594884979e-5,1.5639721121817422e-5,8.555962801646243e-5,0.02782988573162455
1.2666407334890698e-6,0.00031468620262076945,0.00029589734839578736,0.2519918282776703
4.1950001256187415e-6,0.00454335485804852,9.814958722804174e-5,0.10374003272802762
0.0008650175251511278,0.0005067848359402805,0.0013359153281070147,0.07428766971795449
3.7878008169272965e-6,1.6051187151302223e-5,5.26141151629343e-5,0.00030039140502744995
1.898955039349954e-5,0.006465745864813075,5.382833672385899e-5,0.005902777307443869
2.6139602954570445e-6,1.5085756732592334e-6,0.0007285756709255379,0.13799732071253398
1.9701762420738556e-6,6.513894507852719e-6,0.00010515048279689923,0.005088409665170195
1.8725977382878969e-6,6.643934420149477e-6,1.0499729994144676e-5,9.664302586581599e-5
9.419624206564942e-8,6.185016121202824e-7,0.0014397644650542053,0.00840045590486283
2.802834206419711e-5,1.0468216131756213e-5,0.027816905568065455,0.0051485051743079165
1.0684689181074539e-7,0.0007219868624333578,1.1357220307405941e-5,0.013826292774352543
0.00023494447765842988,2.0690182757477454e-6,4.551784755910955e-6,0.017482878991611567
2.819542158045565e-6,4.458571285864657e-5,0.0001393400295549104,0.0003524398200970406
0.0004544919173970763,1.3543068712917914e-5,0.005964585513396236,0.0050364408401016875
1.0959713358090706e-7,0.0015034721299702304,1.527274122269277e-5,0.02794945193962243
7.522059394111893e-8,5.906608826404564e-5,0.0004722575538707354,0.0016404822147508657
5.009712436803907e-7,1.2006658199630934e-5,2.0522204574203668e-5,0.07973118984857268
2.978313137052701e-5,6.0455402601692974e-5,3.213212773437628e-5,0.06099822023979063
3.616974405251184e-7,0.00012485279930353043,0.01161350323361825,0.0322918950130566
5.470422924461471e-8,7.890743829049016e-6,1.694801032191508e-5,0.0275153227404657
1.9285787096918423e-5,3.358652778841891e-6,0.00019320064647269377,0.0002199488532756588
1.615360050726864e-5,0.00018297574197375524,0.013065687147150456,0.003984032345386644
2.0229627016332338e-7,2.2443649591694585e-5,0.0001150432057424102,0.0009001003307157826
1.4870885716571477e-5,2.256022643445287e-6,0.0011190480260858699,0.004111717711622632
4.793333824677569e-7,0.00023754567354050053,0.0006130326202260907,0.0013403403522073583
7.716655851544602e-8,0.00130721422277946,0.0006656145740538186,0.011023239140073516
2.763987714273186e-7,5.967559643296661e-6,0.0019040474538469104,0.0009830589916287437
8.559857685972613e-5,5.80711666889429e-5,0.018064762066710857,0.0007456602460729659
3.7442955791835305e-7,1.5443611789872246e-5,0.03255575064188177,0.025271039215059663
0.0004680855155387256,2.5554494107218732e-5,5.2953415799003385e-6,0.0031742517335218113
0.00015497161578410454,1.5866043167888697e-6,0.0002593912441223198,0.006067452776152909
2.1881081072880886e-7,1.1630716373499312e-6,0.00012028417408344134,0.002005256143452383
7.703617770696403e-6,0.0004515370094133892,0.00028619105289452436,5.31343170013408e-5
5.859734665618947e-6,1.211378429324888e-6,0.0001780732386285448,0.28248160622101653
1.4553888057216817e-7,3.217498404308421e-5,5.966261832567518e-5,0.0028998383434503078
1.6384728040749231e-6,5.0082895284139536e-6,0.00011350093456276789,0.004289848633667935
1.5896148222209895e-5,0.0008451459745043665,2.0132571080985e-6,0.00018596173234267997
1.632470640188589e-6,0.00019662827243404303,0.000154777506892705,7.191506238030806e-5
1.5551753369656108e-6,6.248898742267599e-5,0.003199075648475611,0.0001704050858590278
0.00015612302478683855,4.812300018727676e-5,0.00014380469492196007,0.00020903709055074114
2.0571548625813017e-6,0.0001057097858524384,0.001142319140978987,0.11148996987177053
2.0149980874533684e-8,6.541708452006311e-5,0.021174000155652926,0.00015575312310689906
5.204840582618712e-7,5.4486278166962364e-6,0.00034921371667747156,0.0362669449337402
4.331491915650186e-7,0.004078934920107773,1.2807815217219513e-5,0.009583413748714123
1.491937900733397e-7,3.1761239022847835e-6,8.342001403313411e-5,0.02007892406183992
5.5217203478499e-6,5.685965194367923e-5,0.003372880157053034,0.02838558566859087
7.917283636861838e-7,0.0004856608841969635,2.367752025983813e-5,0.0001690872662972525
3.3632685240567765e-7,1.3000737708814674e-5,0.0020335479179407847,0.050453248737936045
7.347987660971683e-6,1.1302117320710563e-5,5.4091191343989665e-5,0.020350272452503513
3.592528782010274e-7,8.048943981240779e-5,0.0008443083331803943,2.4314506001318063e-5
2.8923406772229953e-6,4.5076165734986264e-7,0.005217432514678046,0.24166672772663095
1.4235287911434578e-7,0.0009593000476292865,0.00020437849405862538,0.0010957277704770172
4.216879379970317e-5,6.065017205028761e-5,0.0037665692505243365,0.012585487601477752
2.538153964501689e-8,0.02461431836862212,0.014588754429485708,0.03837025159278999
4.453860551308884e-6,7.536939662554699e-7,1.4973570097816408e-5,4.972837909351383e-5
1.0414510146053464e-6,2.530536095383511e-6,0.0001280700706900865,0.007603939337661063
7.471634796004604e-7,0.00019924603848692245,0.0001450902781763446,0.0014177676826680119
2.2532751647194632e-6,1.8295138665703235e-5,0.00013008576601244979,0.03879334920663144
2.504606293723109e-7,5.621742952313843e-6,4.816760372977327e-5,0.00020055016696691262
4.134049977443219e-7,0.007757753834519024,0.0027948525629432775,0.0008418760864715533
1.9987452658747112e-6,0.000293843818147107,1.0242197615698919e-5,0.004290051671007566
2.9217164775293827e-6,1.822654864802098e-5,0.0009592762428246556,0.026123684251950736
2.7574638689548815e-6,5.2943602101944885e-5,2.8484511768753494e-5,6.0992299325808526e-5
0.00015828080061913743,6.418600890141866e-6,0.002415740552749317,0.01692665298914006
7.420663703096174e-7,6.630215486008007e-5,0.0005630518708711007,0.0003906296739619086
7.745457102699754e-7,0.0007679756007089449,0.00040021633144246696,0.0006103360758470888
6.792268409526982e-7,1.443193468946101e-6,0.0005394050052011196,0.01582591814712771
3.0757610557491876e-6,8.804357271912124e-6,0.005746119986472506,0.00010206874611345516
7.498154440564107e-5,1.1559005752989687e-5,0.0020076101045922914,0.02008778580612467
2.1684646578936156e-6,1.2390023226845831e-5,0.0002712025707999033,0.0008523661487145576
9.859824869666173e-5,4.2460995572539376e-5,0.011094143075823506,0.03240667523303211
2.322772104526988e-5,0.0010594762504688175,9.758198621014916e-5,1.676131877700781e-5
2.617787501418728e-7,4.411081670904542e-6,0.0001566754860038154,0.006062156985531865
2.412447468253018e-6,0.0002545565612619284,7.609773703312483e-5,0.0004990648288422427
1.2047821088789522e-7,0.0009022574381636665,0.002506520195448602,0.17852641643992342
3.456900569535523e-6,5.688582327113592e-7,3.8449102847570145e-5,0.0012172056757770147
4.086590179568812e-6,0.00020224869917248136,0.0001544402850782585,0.012108519324764587
3.877704415988972e-6,2.2130239504959413e-6,0.00017332123172469238,0.047313827799974305
1.3185249566089452e-5,8.596517797754199e-7,0.005613696168897116,0.03449831042707571
0.00016169011214054347,0.0010473054908153117,8.780928681071821e-5,0.07773668757216753
1.3822433022040362e-5,0.0001227104266111373,0.0017151149770372029,0.006279912581437805
4.892862133722245e-7,2.1077529638032743e-5,4.515632867086111e-5,0.023342257799180064
7.953710019557344e-6,7.642516466225883e-6,0.0001880267317350637,0.052888280572424284
2.8897862725595354e-7,1.3397573107112695e-6,0.00045379118642716916,0.006906338486533324
5.096180998634779e-5,2.770107834835279e-5,1.9982345575273265e-5,0.09959622798959132
1.0873105365290447e-7,4.340542934434616e-6,0.005681009094871597,0.001956719711953444
1.3029095078244198e-5,0.0001709539509277656,0.042770630222687865,0.0009609361675927729
8.517836996553042e-5,0.0016000056223304173,0.00011981046719262911,0.00799088774493556
2.0057707938904554e-6,3.8297192661903674e-6,0.004154851781734526,0.0038017986786776465
3.854129346239437e-6,8.461988567630744e-5,0.0008756454213021544,0.042642099161414766
1.9028314777635847e-6,9.383007944218399e-7,6.760896497357995e-6,0.005004897632970872
1.5972733503298755e-6,0.0006175475476048561,0.00018616979446828394,0.0041317909267578464
2.069051040405267e-6,1.841226834731125e-5,0.0003456492414018114,0.0001541599505152948
7.736164724601554e-6,0.0001385521931353828,0.00025206431781736756,0.0031411331215959308
3.2306382535036655e-6,0.0016113576452502286,0.0009246866372875484,0.0023152800173437734
4.6626889700197484e-5,1.7838812218473748e-7,5.1819026842448464e-5,8.708050649168941e-5
1.844636962647749e-7,5.531725146171723e-5,0.0005085900885663528,0.0015102847155565218
4.692869612350847e-6,0.00023853785830806133,0.00023964020375527643,0.26050720649248477
0.00016061616032365394,1.017268941246636e-6,0.007825573212954715,0.0005961305361759816
7.470941119103212e-7,5.413685909692706e-5,2.7081350264012466e-5,0.005516230234469509
1.648987500987231e-6,0.0006012485945248385,3.4604455428334466e-5,0.014136970658835141
1.8806052728125923e-7,2.4344828929867932e-5,0.0012511382797417518,0.007138374980508824
2.910560170385889e-5,9.589244702682151e-5,0.00039629362937173803,0.0019050541190899829
1.4898037327016462e-6,0.00011477651265220129,0.001992761594909565,0.3195617306834227
4.005240550087183e-6,3.018972994894981e-6,0.0003409300162793984,0.03192491628400625
9.77153013507048e-6,0.00029472403428259,0.0009600483574573511,0.0007349638195220526
3.183704427483315e-6,2.764464936492263e-6,0.000668078023227086,0.0011606393184435354
0.00012299246116981402,0.00023752157935194744,2.9369014559224228e-5,0.0001930005381783225
2.171216915689296e-6,0.0013972576134768855,8.620867800329079e-6,0.046540616680306866
